comment,score
คุณหมอที่แผนกอายุรกรรมเป็นกันเอง วินิจฉัยถูกโรครวดเร็ว หมออธิบายละเอียดมาก พนักงานน่ารักดูแลดีแจ้งให้ทราบส่าเป็นคิวที่เท่าไหรคอยแจ้งคนไข้เสมอ รอไม่ค่อยนานเท่าไรแต่ถ้ามาช่วงเย็นคนไข้ก็จะเยอะหมอก็มีน้อยไปหน่อยคะ โดยรวมๆแล้วโอเครคะ สะดวกรวดเร็วดีคะเหมาะกับคนที่ไม่ค่อยอยากรอนานสักเท่าไหร่คะ แต่ติดตรงถ้ามีแลปจะรอผลแลปนานไปคะ,4
เคยไปรักษาตัวอยู่ที่แผนกจิตรักษ์ แผนกดูแลเรื่องอาการทางจิตของผู้ป่วย พยาบาลทุกคนเข้าใจเนเจอร์ของโรคแต่ละโรคมาก ไม่มีการซ้ำเติม ทุกคนมายเซตดี สัมผัสได้ รักษาตัวแบบแอดมิดอยู่2สัปดาห์ พยาบาลมีการถามตลอด ว่ารู้สึกเป็นยังไง หรือถ้าเห็นเราอาการไม่ดีก็จะมาชวนคุย พยายามช่วยผ่อนคลายเรา ตอนกลางวันจะมีคลาสทำกิจกรรมต่างๆ เป็นกรุ๊ปคลาส มีโยคะ ทำอาหาร คลาสพูดคุยกับนักจิต และอีกหลายอย่าง สำหรับใครที่เครียดๆกังวลใจ ลองไปปรึกษานักจิตวิทยาก่อนได้ หากต้องรักษาด้วยยา จะมีจิตแพทย์ ตรวจและให้ยาแยกต่างหาก /รักนักจิตมาก,5
บริการดีมาก รวดเร็ว พาแขกคนจีนไปก็มีล่ามจีนแปลให้ดีมาก เลิศ มาก,3
มีการบริการดี คุณหมอมีความรู้ความสามารถมาก และพรักงานทุกคนยิ้มแย้มเป็นกันเอง เป็นการบริการที่มีคุณภาพครับ,4
บริการดีมากชัดเจนดีพยาบาลก็พูดดีบุคลากรพูดดีหมดรวมๆดีถึงแม้ค่ารักษาจะแพงแต่ทุกอย่างโอเคหมดไม่ว่าจะเป็นเรื่องห้องพักห้องน้ำสะอาดรักษาเห็นผล,5
ได้ทำการฝากครรภ์กับร.พ.กรุงเทพ ตั้งแต่ครรภ์แรก ตอนนี้ครรภ์ที่2แล้ว หมอและพยาบาล ให้การรักษาดูแลที่ละเอียดมาก ตอนครรภ์แรกได้ทำการขลิบอวัยวะเพศของลูกชาย คุณหมอผ่าแผลสวยมาก และวันที่คุณหมอนัดเพื่อไปดูแผลผ่า ขณะนั้นนมคัดมากแต่น้ำนมยังไม่ไหล คุณหมอช่วยดูและสอนวิธีนวดเปิดท่อน้ำนม ช่วยให้สามารถให้นมลูกได้ถึงตอนนี้,5
เวลาป่วยชีวิตของเราขึ้นอยู่กับการตัดสินใจของหมอหลายๆครั้งที่เขา รพ. นี้แบบฉุกเฉินหมอก็เวรถ้าไมากล้าตัดสินใจก็จะไม่รีรอที่จะติดต่อกับหมอที่เป็นเจ้าของไข้ที่เรารักษาประจำ,5
บริการเป็นมิตร ดุจญาติมิตร,5
บริการดี รวดเร็ว ยิ้มแย้มแจ่มใส,4
เราไปคลอดลูกที่ โรงพยาบาลกรุงเทพ ซอยศูนย์วิจัย 7 ไปนอนได้ก่อน 1 คืน ฟรีค่ะ ดูแลดีมาก ทุกอย่างเหมือนพักอยู่โรงแรม 7 โมงเข้าบล๊อกหลัง 8.20 เราคลอดเสร็จละคะ มาพักต่อที่ห้องพิเศษ เวลาที่อยู่นั่น 3 วัน 2 คืน หมอและพยาบาลดูแลดีมาก ให้คำแนะนำและการช่วยเหลือทุกเรื่องดีค่ะ เราตั้งใจจะให้นมแม่ เขาก็แนะนำการเข้าเต้าได้ดีค่ะ แต่ขอตินิดหนึ่งว่าไม่ควรมาแจกนมผงและสอนวิธีป้อนนมโดยใช้ถ้วย และไม่ควรมายัดเยียดให้อยู่ ร.พ ต่อด้วยเหตุผลว่าเด็กต้องส่องไฟ ทั้งที่ค่าตัวเหลืองเด็กไม่ถึงกับต้องไปส่องไฟ นี่อาจารย์หมอเด็กเลยนะที่มาแนะนำ บางทีก็ควรมีจรรยาบรรณของความเป็นหมอ รู้สึกแย่แค่เรื่องนี้ค่ะ นอกนั้นดีหมด หมอผ่าคลอดเราก็เก่งมาก ผ่าเร็ว แนะนำดูแลดีตลอด ช่วยคุยให้ด้วยกับหมอเด็ก,5
เป็นโรงพยาบาลที่มีเครื่องมือและอุปกรณ์ที่ครบครันสามารถวิริจฉัยโรคได้อย่างรวดเร็ว..เนื่องจากรักษามาหลายที่แล้วไม่สามารถวินิจฉัยโรคได้ทำให้การรักษาช้า..แพทย์มีหลายสาขาเอาใจใส่ดีค่ะ,5
บริการดีตั้งแต่เอารถไปจอดให้ ใส่ใจการบริการ หมอก็ตอบข้อซักถามดี เหมาะสมกับราคาและเวลาเงินทองที่ไปรักษา,4
ไปตรวจสุขภาพประจำปีที่รพ.ทางเจ้าหน้าที่ให้การต้อนรับอย่างดี สอบถามข้อมูลเบื้องต้นอย่างละเอียด พาไปยังแผนกที่ทำการตรวจในแต่ละจุด ให้คำแนะนำ และสอบถามความต้องการอยู่ตลอด เอาใจใส่มาก บริการดีค่ะ ประทับใจ,4
บริการดี รวดเร็ว การรักษาดี มั่นใจมากคุณพ่อรอดชีวิตจากเส้นเลือดสมองตีบและการติดเชือในกระแสเลือดได้ก็เพราะที่นี่ครับ,5
เคยเข้าใช้บริการ รพ. กรุงเทพเป็นประจำ เพราะไว้ใจคุณหมอ คุณหมอเก่ง พนักงาน บริการดี สุภาพ,5
บริการดี ทีมงานหน้ารัก แพทย์วินิฉัยตรงจุด ยามีคุณภาพ ค่าใช้จ่ายเป็นธรรม,4
การบริการดีแบบ5ดาว คุณหมอและพยาบาลดูแลเอาใจใส่ดี,5
ถ้าไม่อยากเสียเวลารอหมอนาน 1 ต้องทำเรื่องจองคิว เพื่อช่วยย่นเวลาหาประวัติเรา 2. เราควรตรวจสอบก่อนว่าอาการที่เราเป็นแพทยผ์ผู้เชี่ยวชาญอยู่ที่ไหน ตารางการออกตรวจ และจำนวนผู้ป่วยที่รอตรวจ หากเราเตรียมสิ่งเหล่านี้แล้วเราจะสามารถแก้ปัญหาเรื่องการรอคอยหลายๆ ชั่วโมงได้นะค่ะ,5
บริการประทับใจ ตั้งแต่เจ้าหน้าที่เคาร์เตอ พยายาล ผู้ช่วยแพทย์ และแพทย์,5
พยาบาลหมอให้ความสำคัญแก่ผู้ป่วยเท่ากันทุกราย บริการดีค่ะ,5
ไปเข้ารับการตรวจสุขภาพก่อนเริ่มงานมาค่ะ เจ้าหน้าที่ทุกท่านอัธยาศัยดีบริการดี ในโรงพยาบาลมีห้างย่อมๆในนั้นมีร้านอาหารให้เลือกสรรเยอะอยู่ ติดอย่างเดียวตรงที่รอนานคิวเยอะค่ะ ขนาดไปวันธรรมดา,4
คุณหมอโอเค แต่พนักงานบริการแย่ยิ่งตอนจ่ายตังรับยาต้องรอประมาณชั่วโมงครึง ทำอย่างกับรพรัฐ,3
เมื่อวันที่11มค.60ที่ผ่านมา ไปรับการรักษาโดยการผ่าคัคลอดที่รพ.กรุงเทพ (สำนักงานใหญ่) ประทับใจมากๆ. ตั้งแต่ทีมแพทย์ผ่าตัด กุมารแพทย์ พยาบาลห้องคลอด พยาบาลวอร์ดดูแลหลังคลอด และพยาบาลเนิร์สเซอร์รี่ มีความเป็นมืออาชีพในการรักษาและการทำงานเป็นทีมได้อย่างดี และมีคุณภาพมากๆค่ะ ตั้งแต่รู้ว่าต้องผ่าตัดคลอดรู้สึกกังวลมาก(ทุกคนกลัวการผ่าตัดอยู่แล้ว) แต่เมื่อเข้ารักษาวันผ่าตัดจริงทีมเจ้าหน้าที่ที่ให้การดูแลทำให้เรารู้สึกผ่อนคลาย การผ่าตัดดำเนินไปอย่างรวดเร็วและปลอดภัย สามีกลัวมากบอกว่าไม่อยากเข้าไปในห้องผ่าตัดเลย (แต่ในที่สุดก็เข้าไปให้กำลังใจเราในห้องผ่าตัด)บอกว่าไม่น่ากลัวอย่างที่คิด พอกลับมาพักฟื้น ทีมพยาบาลและเจ้าหน้าที่ให้การดูแลช่วยเหลือเป็นอย่างดี คอยให้คำอนะนำตลอดการรักษา พยาบาลเนิร์สเซอร์รี่น่ารักมากๆ มีความเหมาะสมที่จะมาดูแลเด็กแรกเกิดจริงๆ มีความสุภาพอ่อนโยนและมีความรู้ดูเป็นมืออาชีพมากๆ รวมถึงแม่บ้านเจ้าหน้าที่เสิร์ฟอาหาร ทุกๆคนมีความสุภาพมากๆ. ทำให้เรารู้สึกประทับใจในการเข้ารับการรักษาโดยการผ่าตัดคลอดในครั้งนี้มากๆค่ะ. จึงอยากแนะนำใครที่กำลังมองหารพ.เอกชน สำหรับการผ่าตัดคลอดจึงขอแนะนำรพ.กรุงเทพ. เพื่อเป็นตัวเลือกในการรักษา แล้วจะรู้สึดไม่ผิดหวัง คุ้มค่ากับค่ารักษาที่จ่ายไปค่ะ,5
"ไปใช้บริการตรวจร่างกาย package 15,000 บาทในวันที่ 30 ธันวาคม เข้าใจว่าเป็นวันที่มีผู้มาใช้บริการมาก ทำให้คุณหมอตรวจ ultrasound เร่งรีบมาก ใช้เวลาตรวจแบบรีบๆ เมื่อเปรียบเทียบกับที่เคยตรวจ packge ราคาเดียวกันกับโรงพยาบาลสมิตเวช. สมิตเวชดีกว่ามาก. แม้ว่าคนมารับบริการจะมาก. แต่รักษาคุณภาพใส่ใจในการตรวจมากกว่า การบริการโดยรวมสะดวกสบายมากกว่า มีคนมาคอยดูแลแนะนำและส่งตลอด ไม่ได้แค่แจ้งให้เดินไปตรวจที่ counter อื่นเอง คงไม่ไปอีกแล่วค่ะ",1
บริการดี รวดเร็ว คุณหมอเป็นมิตร อธิบายด้วยภาษาที่เข้าใจง่าย เป็นกันเองค่ะ,5
พยาบาลสวย. ใจดี. บริการดีเหมือนเป็นคนในครอบครัว,5
บริการดีมาก..สะอาด,4
บริการดีดูแลเอาใจใส่คนใข้ตลอดเวลา,5
สะอาด พยาบาลพูดจาดี ดูแลคนไข้ด้วยใจ,4
ช่วงเดือนที่แล้ว ดิฉันปวดท้องมาก ประมาณ5ทุ่มค่ะ จึงตัดสินใจเข้าโรงพยาบาลซึ่งบ้านอยู่ใกล้โรงพยาบาลกรุงเทพและเคยรักษามาตลอด พอไปถึงโรงพยาบาล ก็มีเจ้าหน้าที่มารับและพานั่งรอเข็นไปยังเตียงผู้ป่วยฉุกเฉิน มีคุณหมอเข้ามาดูแลอาการต่อเนื่อง แม้จะไม่ได้เป็นหมอประจำด้านโรคท้องและลำใส้ แต่ก็เข้ามาถามอาการและใส่ใจดีมากค่ะ ให้ยาและฉีดยาให้บรรเทาอาการปวด หลังจากนั้นทางคุณหมอให้นอนรอดูอาการสักประมาณ1ชั่วโมงเพื่อให้ยาออกฤทธิ์ สรุปว่าบรรเทาอาการปวดท้องได้ดี ดิฉันเริ่มหายเป็นปกติ คุณหมอจึงให้ยาและบอกว่าสามารถกลับบ้านได้ค่ะ,5
แผนกต้อนรับดี โดยรวมดีคะ พยายามยิ้มแย้ม พูดจาไพเราะดีคะ,4
บริการช้ามากกก ถ้าคนไข้เยอะนี่เข้าใจได้ แต่นี่เป็นปัญหาการประสานงานภายใน การส่งต่อคนไข้ ซึ่งไม่มีการติดต่อประสานงานกัน คนไข้นั่งรอเป็นชม. ส่งเรื่องการเงินก็ช้ามากก นั่งรอชำระเงินเกิบครึ่งชม. สรุปทางข้างบนยังไม่ส่งเรื่องให้การเงินดำเนินการ บริการช้า ยิ่งกว่ารพ.รัฐ ไม่สมกับค่ารักษาพยาบาลและค่ายาซึ่งแพงเหลือเกิน,1
สุดยอดการวิเคราะห์หาสาเหตุของโรคของคุณหมอพร้อมให้การรักษาที่ดีเยี่ยม พยาบาลเอาใจใส่อย่างดี นี่คือ ร.พ. กรุงเทพ,5
มาใช้บริการที่นี่เป็นประจำ เจอหมอ 10 คน ดีซะ 9 อีกหนึ่งเป็นหมอโรบอต เดี๋ยวนี้ไป รพ ไหนก็เจอแต่หมอโรบอต ถามอาการแล้วจ่ายยาตามอาการ ไม่มองหน้าด้วยซ้ำ แต่หมอที่นี่น่ารัก ไม่พาณิชย์ด้วย ไม่ขยันขาย เลือกสิ่งที่ดีที่สุดให้คนไข้ แต่ก็ให้คนไข้ตัดสินใจว่ากำลังทรัพย์ตัวเองพอมั้ย,5
เมื่อไหร่จะปรับปรุงระบบเวลาจ่ายเงินและรับยาคะ อะไรก็ดีหมดแต่เบื่อมากกับเวลารอจ่ายเงินรับยา ช้าตลอด วันนี้พาคุณแม่มาตามหมอนัด รอจ่ายเงินรับยานานมาก พอถึงคิวไปที่เคาเตอร์จ่ายตัง รอบแรกคุณหมอลืมคีย์สั่งยาลงมา! ละคือที่นั่งรอมาเกือบครึ่งชม.เพื่อ?!? รอไปอีกสักพักใหญ่ๆถึงคิวจ่ายตังรับยาอีกรอบ รอบสองหมอสั่งยาผิดอีกค่ะ!! ต้องไปรอคิวจ่ายตังเพิ่มอีกรอบ สรุปเกือบ1ชม. ที่รอจ่ายตังและรับยา คือไม่ได้มารักษาฟรีนะคะ และคือหมอเป็นไรมากมั้ยคะ ถ้ามึนมากก็นอนอยุ่บ้านเถอะค่ะ จ่ายค่าหมอค่ายาไม่ใช่ถูกๆ แต่บริการเวลาจ่ายตังรับยานี่ห่วยมากค่ะ อย่างกับมารักษาฟรีขอยาฟรี ถ้าไม่ติดว่าประวัติรักษาที่นี่มานมนาน คงย้ายละ ลองมานั่งดูสีหน้าของลูกค้าแต่ละคนที่นั่งรอจ่ายตังรับยาดูนะคะแล้วจะรุ้ว่าเค้านั่งรอกันแบบเบื่อมากก็ไม่ถึงคิวสักที ปล. รพ.กรุงเทพ ซ.ศูนย์วิจัยค่ะ ปรับปรุงสักทีเถอะค่ะ จะได้ดีครบหมดทุกด้าน,2
พนักงาน เเละ พยาบาล รวมถึงคุณหมอ บริการดีมากครับ มีความขาวสวย เเละใส่ใจคนไข้อย่างทั่วถึง,5
รพ.กรุงเทพ... ปกติเราลูกค้าประจำแอดมินทีเป็นอาทิตย์ ค่ายาค่ารักษาไม่เคยบ่น หามาตั้งแต่เด็กจนโต.... .. แต่คราวนี้เกินไปค่ะ น้องสาวปวดท้องไป หมอให้แค่ยาแก้ปวดแถมบอกอาการไม่ได้อีกวีคค่อยมาหาใหม่ ยาแก้ปวด1ซองราคาเกือบหมื่นแถมให้กลับบ้านแบบงงๆว่าเราเป็นอะไร??? อาทิตย์หน้ามาจ่ายใหม่มางงใหม่เนี่ยนะคะ,2
บริการดีค่ะ..ติดตามผลดีมาก..แต่บางขั้นตอนก้ช้าไป..นั่งรอนานเกือบคล้ายรัฐบาล..แต่โดยรวมบริการดีมากค่ะ♥♥,5
คุณหมอที่นี่เก่งมากวิเคราะห์และรักษาโรคเฉพาะทางได้ดีเยี่ยม,5
รักษาดีมากค่ะพยาบาลพุดจาดีมากและคุนหมอด้วยนะ,5
อยากให้ดูแลพนักงานรับเหมาช่วงให้ดีกว่านี้ครับ อย่างน้อยน่าจะมห้สิทรักษาสุขภาพเค้าบ้าง,2
ขอบคุณแผนกเนริสเซอร์รี่มากๆนะคะที่ดูแลลูกสาวเป็นอย่างดีระหว่างการพักฟื้นหลังคลอด.. พยายบาลน่ารักใจดีพูดเพราะทุกคน คุณหมอวนิชาก็ดีมากค่ะ ดูแลดีตั้งแต่ฝากครรภ์ยันผ่าคลอด พูดดีใส่ใจดูแลดี มาเยี่ยมไข้ตลอด ลูกแข็งแรงปลอดภัยดี ขอบคุณมากๆนะคะ,5
ชื่นชมการบริการ ประทับใจมากครับ เป็นโรงพยาบาลที่ดูแลคนป่วยอย่างดี,5
การบริการของเจ้าที่ก็ดีมากค่ะ แพทย์ก็ดีมากเช่นกันค่,5
บริการดี พยาบาลก้โอเค หมอคุยใช้ได้อยุ่ แต่ราคาแรงไปนิด 2วันเกือบ60000,4
ที่นี่มีคุณหมอที่เก่งๆและพยาบาลที่น่ารักมากๆสถานที่ก็ดีและสะอาดทุกคนให้การตอนรับเป็นอย่างดีค่ะถึงจะราคาดูจะสูงไปหน่อยค่ะแต่ขอติเรื่องกับข้าวทำไม่อร่อยเลยค่ะ.ฝากเรื่องกับข้าวค่ะ,4
เมื่อวานที่พาคุณแม่ของผมไปตรวจเป็นวันที่17/09/59 สงสัยเป็นวันหลังหวยออก ขณะนั่งรอคุณหมอมาตรวจ เจ้าหน้าที่พยาบาลพูดคุยกันเรื่องหวยเสียงดังมากๆ ถูกหวยอย่างนั้น ไม่ถูกหวยอย่างนี้ ส่วนสถานที่ คุณหมอผู้ตรวจและการบริการของทางโรงพยาบาลดีมากๆ เมื่อเดิมที่เคยผ่านมาครับ,5
วันที่28มค.พาลูกสาวมาผ่าตัดเนื้อที่เต้านมจนถึงวันนี้แผลยังไม่หายยังมีอาการเจ็บมีเลือดไหลซึมมาพบหมอทีไรก็บอกว่าแผลปกติที่ผ่าเพราะกลัวกลายเป็นเนื้อร้ายไม่ต้องการผ่าเพื่อให้นมเน่า!!?จะสามเดือนแล้วแผลผ่าเล็กๆยังไม่หายมีปัญญาแค่คิดค่ายาแพงๆใส่ใจคนไข้แค่ใหน,2
สามีมีอาการแขนขาไม่มีแรง อยากปรึกษาปัญหา ติดต่อได้ที่ไหนค่ะ,5
แผนกภูมิแพ้มาทีไร นั่งรอนานทุกที..แผนกอื่นไม่เห็นนานขนาดนี้เลย..,3
หมอน่ารักจะรับฉีดอย่างเดียวเลย ดูรวมๆแล้วมีเสน่ห์,5
ขอบคุณพ.ปิ่นนะคะ ใจดีมากๆค่ะ ...ตอนนี้อาการดีขึ้นเยอะเลย ^^,5
คุณหมอน่ารัก พนักงานบริการดี ให้ข้อมูลละเอียด แต่สอนงานกันเสียงดังไปหน่อยเพราะข้อมูลที่กำลังคุยกันคือข้อมูลของคนไข้,5
ทุกอย่างดีหมดยกเว้นที่จอดรถ มีน้อยมา8:00น.ต้องจอดชั้น7,3
รอนานมากๆ ลิฟท์เก่าน่ากลัว แถมอาคารจอดรถยังงงๆมากๆ เพลียย,2
เมื่อวานไปใช้บริการครั้งแรก ประทับหลายๆเรื่อง ทั้งด้านการบริการของพี่เจ้าหน้าที่ทุกส่วน ความสะอาดในรพ. ที่สำคัญขอบพระคุณ อ.หมอทายาทและคุณหมอเตมีย์ ทั้งสองท่านให้คำวินิจฉัยโรคแบบละเอียดมากๆค่ะ..ประทับใจมากค่ะ,5
มีรถตู้บริการรับส่งรถไฟฟ้าฟรีด้วย ร้านอาหารเยอะ บริการดี๊ดี,5
คุณหมอใจดี พยาบาลน่ารัก ตรวจสุขภาพชุดใหญ่ครั้งแรก รวดเร็วมาก,5
เจ้าหน้าที่บริการดี ขอบคุณ คุณหมอเกีรยติชัย ที่ตรวจและให้คำปรึกษาดีขอบคุณค่ะ,4
คุณหมอน่ารัก ใส่ใจ และละเอียดดีมาก ๆ (เคสเรา คุณหมอวนิชา ปัญญาคำเลิศ เป็นคุณหมอที่ฝากครรภ์ ส่วนคุณหมอที่อัลตร้าซาวด์เป็นประจำ คือ คุณหมอร่มไทร) คุณพยาบาลและเจ้าหน้าที่ของ รพ. ก็อัธยาศัยดี เป็นมิตร พูดไพเราะ^^ บรรยากาศของ รพ. ก็ดี ไม่ตึงเครียด คือ ชอบมาก^^,5
บริการมืออาชีพ ทั้งหมอ พยาบาล และอื่นๆ สุดยอดค่ะ,5
คือติดต่อยากมาก หมอที่รักษาก็ไม่ค่อยอยู่ หมอใหม่มาก็รักษาไม่หาย,1
ใช้บริการโรงพยาบาลนี้มากว่า 10 ปี แต่มาเจอเจ้าหน้าที่จัดคิวชำระเงินพูดจาไม่ดี ทำให้เสียความรู้สึก เพราะเจ้าหน้าที่พยาบาลบอกให้แจ้ง จนท. จัดคิวว่าไม่มียา ก็บอกไปแบบนั้น แต่ จนท. จัดคิวกับพูดจาและแสดงอาการไม่พอใจใส่ซะงั้น,2
เราไว้ใจเราถึงมาเราเสียเงินให้โรงพยาบาลคุณไปตั้งเท่าไหร่เราไม่ได้มาขอรักษาฟรีบริการดีแต่เจ้าหน้าที่บางคนมารยาทใช้ไม่ได้ ทำให้เราเสียความรู้สึกคำพูดคุณไม่แคร์เราชักสีหน้าใส่เราถ้าเป็นแบบนี้ต่อไปใครจะอยากมาใช้บริการของคุณจะดีแค่ไหนถ้าเป็นแบบนี้ฉันก็ไม่อยากมา,1
มั่นใจคุณหมอค่ะ พยาบาลน่ารัก มีร้านขายของ ร้านอาหารหลากหลาย ไว้หลอกพาเด็กกินและซื้อของเล่นกลับบ้านจะได้ไม่รู้สึกกลัวโรงพยาบาลค่ะ,5
สะอาด หรู ครบระะบบ,5
มาทุกครั้งก็สะดวกสบายทุกครั้ง ได้รับการบริการเป็นอย่างดี,5
รอคิวนานมากๆ แม้ว่าจะทำการจองล่วงหน้าไว้แล้ว พนักงานไม่ค่อยสนใจคนไข้ เราพยายามจะเดินไปถามว่าเมื่อไหร่ถึงคิวเรา ก็เดินเลี่ยงๆพร้อมคำพูดว่ารอสักครู่นะคะ ถ้าไม่มีความจำเป็นไม่อยากใช้บริการที่นี่เลยค่ะ,1
สุดยอดทั้งสถานที่แพทย์บริการเยี่ยมยอด เชื่อว่าเหนือกว่าทั่วๆไปครับ,5
หมอให้คำปรึกษาและแนะนำการรักษา ตรงโรค ที่เป็น,4
น้องๆพยาบาลทีนี้...และที่5R น่ารักมากกกกดูแลผู้ป่วยและญาติๆดีมาก..เหมือนว่า.เป็นญาติพี่น้องของคุณ..ชอบค่ะชอบมากๆ...บริการดีเยี่ยม..,5
เจ้าหน้าที่ บริการดี สุภาพ และ อ่อนน้อม แพทย์ และ ให้คำแนะนำ ในทุกคำถาม,4
ค่ารักษาพยาบาลแพงขึ้นทุกครั้งที่มา แต่การบริการแย่ลงอย่างมาก แจ้งจะกลับบ้านตั้งแต่ 11.00 น. ต้องรอนู้นนี่ รอหมอ รอการเงินแจ่งค่ารักษาพยาบาล กว่าจะได้กลับจริง 16.00 น. ค่าห้องพักก็คิดไม่ตรงตามความเป็นจริง ขอรถเข็นของรอไปอีกครึ่งชม.ก็ยังไม่มาต้องกระเตงทั้งลูกคนโตและลูกในท้องพร้อมสัมภาระลงมาเอง ห่วยแตกมาก,1
แต่ก่อนมาบ่อยแล้วเปนคนที่ไม่ชอบขับไปจอดบนลานจอด มึนหัวจึงชอบที่จะจอดลานจอดด้านหลัง แต่เดี๋ยวนี้เปลี่ยนไป จอดไม่ค่อยได้ แท๊กซี่จอดส่วนใหญ่ แถมกร่างมาก จะจอดบอกจอดไม่ได้ ที่ของแท๊กซี่ เป็นนโยบายใหม่ของทางโรงพยาบาลเหรอครับ กร่างจนน่าเกลียด บอกเลยว่าไม่ประทับใจกับการบริการ,1
บางครั้งรอคิวจ่ายเงินและคิวยาค่อนข้างนาน,5
การบริการรวมๆแล้วดีค่ะ มีความสะอาด มาตรฐานค่ะ..ประทับใจพยาบาลก็น่ารักค่ะ,5
สถานที่หรูมาก บริการเป็นเลิศ เเต่เเพงสุดยอดด,4
ทุกคนในครอบครัว เป็นคนไข้ประจำที่ รพ สาขากรุงเทพฯ,4
ผมใช้บริการ รพ.กรุงเทพมา10กว่าปีรู้สึกประทับใจคุณหมอ พยาบาล เจ้าหน้าที่ และปีต่อๆไปผมและเพื่อนๆก็จะมาใช้บริการต่อไปครับ.,5
ปลื้มมากค่ะ เริสสส ทั้งการต้อนรับพยาบาลพูดเพราะๆ ทั้งนั้น อีกอย่างรวดเร็ว สุดยอด,5
เมื่อวานไปตรวจสุขภาพและมีนัดตรวจกับแผนกหัวใจเต้นผิดจังหวะมาค่ะ ประทับใจแผนกตรวจสุขภาพมากๆ ยิ้มแย้มแจ่มใส มีหัวใจบริการ ให้บริการดุจญาติมิตร ส่วนแผนกหัวใจเต้นผิดจังหวะ บริการดี ให้ข้อมูลครอบคลุมและคลายความกังวลใจในการรับบริการตรวจเฉพาะทาง การดูแลเอาใจใส่จากอาจารย์หมอและคุณพยาบาลดีมากๆค่ะ ประทับใจ,4
ครอบครัว ตระกูลย์ เฮงเส็ง ได้รับการรักษาที่ รพ.นี้เป็นประจำ คุณหมอที่ดูแลก็มีคุณหมอสุรชัย (ยุรกรรม)คุณหมอวิทยา (หัวใจ) คุณหมอชาญพงษ์ (ศูนย์สมอง) คุณหมอทุกท่านดูแล เตี่ย และ แม่ ของพวกเราดีมากบอกตรงๆทุกครั้งที่เรามา รพ.นี้เราประทับใจในการต้อนรับ ของคุณหมอ พยาบาลและทุกๆท่านดีมากค่ะ,4
ไปตรวจแผนกตา นัดไว้ 9.45 น. ได้ตรวจ 11 โมง ถ้าไม่ไปถามว่าเมื่อไหร่จะได้เข้าตรวจคงต้องรออีกนาน,2
เจาะเลือดแล้วไม่ส่งตรวจ เพราะ เราปฏิเสธไม่นอนโรงพยาบาล (แต่โดนเสียเงินค่าเจาะไปแล้วนะ) แถมโดนหลอกให้มาฟังผลเลือดเพื่อหลอกเอาเงินค่าหมออีกรอบ ใครมาแผนกอายุรกรรม ระวังไว้!!,1
มานอนรักษาตัวที่นี้ช่วงเทศกาลกินเจ อาหารเจอร่อย บริการดีมากๆ,5
หมอที่นี่ทุกคน รักษาสิวดีมากเลยครับ รักษาแล้วหน้าดีขึ้นมากเลยครับ หน้าใสขึ้น รอยแผลเป็นจางลงเเละค่อยๆๆ หายไป ประทับใจครับ ของผมที่รักษาได้ #คุณหมอหทยา,5
พนักงานรับโทรศัพย์ของโรงพยาบาลแย่มากบอกเลยโทรไปขอแพคเกจฝากครรภ์และคลอดนางตัดสินใจแทนหมอและพยาบาลหมดเลยแย่จริง (เราไม่มีนโยบาลให้แพคเกจและส่งอีเมลให้นะค่ะคงให้ไม่ได้) พอสันที่21กค ไปตรวจครรภ์กาตั้งท้องกับหมอและตั้งใจจะฝากท้องที่นั้นเลยได้สอบถามหมอและพยาบาว่า (พี่ได้โทรมาขอแพคเกจฝากครรภ์ทำไมถึงให้ไม่ได้เพราะทุกครั้งที่ขอคุณจะจัดสงให้ตลอดทำไมครั้งนี้ขอไม่ให้ละ????) =พยาบาลแจ้งว่า ทางเราส่งให้นะค่ะไม่ได้ห่วงเลยเพราะดูจากประวัติคณเป็นลูกกับทางเรานานแล้ว คือบ่อยครั้งมากด้านงานบริก...,1
เรารักษาตัวอยู่ทีนี้ คุณหมอทีดูแลเคสเรา ท่านน่ารักมากและยังใส่ใจในเรื่องการใช้จ่ายในการรักษาให้เรา ใจเย็นแถมพูดจาเพราะ ชอบอาจารย์หมอคนนี้มากมาย. รัก ไลท์ เลิฟ เลย คร่ะ บอกเลยรักท่านทีสูดดดดดด ขอบคุณมากๆน่ะคร่ะ หมอในฝันยังมีอยู่จริง. และพยาบาลน่ารักทุกคนคร่ะ,4
เป็นครั้งแรกที่ได้มาใช้บริการที่โรงพยาบาลกรุงเทพ ส่วนใหญ่แล้วจะพาคนรู้จักมาหาหมอมากกว่า คราวนี้ถึงตัวเอง แต่แล้วด้วยความตั้งใจ และรีบทุกอย่างที่ต้องมาหาหมอ ลืมทุกอย่าง ทั้งบัตรทุกบัตร และเงินสด เราขับรถมาจากต่างจังหวัด รู้ตัวอีกทีก็ถึง กทม. แล้ว จึงรู้ว่าลืม จึงหาทางแก้ปัญหา เลยโทรปรึกษาโรงพยาบาล ทางแก้ไขได้ก็คือ 1. การทำบัตรคนไข้ ที่ต้องใช้บัตรประชาชน ...,4
ถือว่าโอเครล่ะชอบที่มีเจ้าหน้าที่โทรตามนัด....บางครั้งเราก็ลืมวันนัดคะ...การเเนะนำของคุณหมอก็ดีนะเเต่อาจจะให้คำเเนะนำเพิ่มเติมพิเศษมากขึ้นได้อีก...,4
บริการดี แพทย์เชี่ยวชาญ เครื่องมือครบทันสมัย,4
บริการประทับใจมากๆ ดูแลเทคแคร์ ผู้มาใช้บริการ อย่างดี เอาใจใส่มากๆ,5
พูดจาตะคอกใส่คนไข้คืออะไรค่ะนั่งรอก็นานเสียค่ายาก็แพงมากบริการอย่างนี้หรอเสียความรู้สึก,2
ประทับใจตั้งแต่ย่างก้าวลงจากรถจนขึ้นรถกลับบ้านค่ะ,5
ไม่ได้พักผ่อน เพราะมีการก่อสร้างปรับปรุงพื้นที่อาคาร,2
บริการดีใช้ได้พยาบาลพูดดีมีน้ำใจบริการเร็วเจาะเลือดก็ไม่เจ็บ,4
ผมมาตรวจตั่งแต่2ทุ่มป่านนี้ยังไม่ถึงไหนเลยครับ,2
บริการดีค่ะ คุณหมอดูแลดี พยาบาลคอยเอาใจใส่ดีค่ะ,5
ผมพาลูกมาแอดมิทที่โรงพยาบาลกรุงเทพขอนแก่น. ไม่ได้พักผ่อนดีเลยครับ เพราะมีการปรับปรุงต่อเติมตัวอาคารที่ชั้น8 เสียงดังมาครับ คุณหมอบอกให้ลูกผมพักผ่อนเยอะๆ แต่เจอแบบนี้แย่มากเลยครับ,2
รักมากโรงพยาบาลนี้,5
บริการดีประทับใจ,5
บริการยอดเยี่ยมครับ เจ้าหน้าที่เก่งพูดได้หลายภาษา,5
"ห้องพักและอาหาร ไม่เหมาะสมกับราคา ห้อง 17,000 บาท/คืน เตียงเด็กเล็กและเก่า โซฟาเล็ก ญาตินอนไม่สบาย อาหาร เทียบกับห้องสแตนดาร์ดของรพ.อื่นยังไม่ได้เลยคะ",2
ดีครับ วาเลส์ รับรถ ดีมากครับ ห้องน้ำสะอาดมากครับ,4
คุณหมอ ใจดีมีคุณภาพค่ะ พยาบาลดูแลและปฏิบัติตามระเบียบตามคำสั่งของคุณหมอค่ะ,4
ทุกอย่างดีทีาสุด..ทั้งทีมแพทย์..การพยาบาล..รวดเร็ว,5
น้องสาวและแม่เป็นคนไข้ที่นี่ เวลาเกิดอะไรจึ้นก็จะนึกถึงก่อนที่อื่นเลย,4
พยาบาลบริการดีมาก พูดจาไพเราะ บริการรวดเร็วคุณหมอให้คำปรึกษาดี ระเอียด ทุกครั้งที่ไปโรงพยาบาลนี้ รู้สึกประทับใจมากค่ะ,5
ไปแล้ว แต่หมอกลับแล้ว..เราไปถึงช้า..ทำไงล่ะรีบแล้วนะแต่ไม่ทัน..เหงาเลย..พยาบาลน่ารักมาก..ช่วยทุกวิถิทาง..นัดให้ใหม่ปลอบใจ..เอาละครั้งหน้า,4
ไปตรวจสุขภาพ บรรยากาศเหมือนไปแข่งโอลิมปิค ไม่รู้จะรีบร้อน ร้อนรน เร่งรีบ อะไรนักหนา ต้องวิ่งไปแผนกนี้ แผนกนั้น พนักงานก็มั่วๆไงไม่รู้ เข้าใจนะว่าคนเยอะ แต่ควรทำแบบมืออาชีพหน่อย คนใช้บริการมีทั้งคนไทยและต่างชาติ แต่บริการยังห่วยๆเหมือนเดิม ต่างกับค่าบริการยังแพงเหมือนเดิม,2
ผมอยากรู้การแก้ไขปัญหาบอดสีควรทำยังไงครับแต่ของมีปัญหาสีแดงอ่ะครัย,4
บริการดีประทับใจ รักษาที่นี่มา20กว่าปี ดีมากค่ะ,5
ประทับใจในคุณหมอโดยเฉพาะอาจารย์หมอโยธิน...พยาบาล..และเจ้าหน้าที่ทุกๆท่านที่ให้บริการเป็นอย่างดีเยี่ยม,4
คุณหมอ 2-3 ท่านช่วยกันดูแลเคส รักษาเอาใจใส่รายละเอียดดีมากครับ แต่ตอนลงจากแท็กซี่คนไข้ขาแพลง ไม่มีจนท.นำรถเข็นมาให้ต้องเดินกะเผลกจนถึงเคาท์เตอร์ นอกนั่นเยี่ยมมากๆครับ,4
ไม่รู้ว่าคิดไปเองรึป่าวนะคะ ว่ามารพ.นี้แล้วได้รับการบริการอย่างดี ยาดี หายป่วยเลยไม่เรื้อรัง☺️,5
ให้รอนาน 3 ชั่วโมง ต้องเดินไปตาม 2 รอบ ไม่งั้นก้ยังไม่ได้ตรวจ ควรปรับปรุงการบริการมากคะ,2
เครื่องมือครบ อุปกรณ์พร้อมและทันสมัย คุณหมอดูแลดี,5
ชอบค่ะ เคยมีโอกาสได้เข้าไปเยี่ยมเพื่อน บริการดี สะอาด อุปรณ์ครบ ทันสมัย อยากให้มีรพ.กรุงเทพ ไปเปิดสาขาที่ จ.นนทบุรี หรือ บางใหญ่บ้างค่ะ,4
สะอาด โล่ง โปร่ง บุคคลากรดีมีคุณภาพ คุณหมอน่ารักเป็นกันเองให้คำปรึกษาได้ดีมากค่ะ ค่าห้องแพงไปคะ ภาพโดยรวมถ้าจะให้ดีเยี่ยมกรุณาปรับค่าห้องลงจะเป็นพระคุณอย่างสูงค่ะ,5
งง...??!!!กับการจัดการคิวมากมายค่ะ...???? พาลูกไปหาหมอเมื่อวาน...10โมงกว่าได้ตรวจเกือบเที่ยง...!!!! นั่งรอแบบมึนๆ...งง...??? รบกวนจัดระบบคิวให้ชัดเจนเถอะค่ะ...ว่าเร็วช้าแค่ไหนความอดทนของเด็กและผู้ใหญ่ต่างกันค่ะ...สงสารลูก..,2
เมื่อวันที่15ต.คได้ไปโรงพยาบาลมาคุณหมอและคุณพยาบาลและคนอื่นดูแลฉันดีมากขอบคุณมากๆๆนะคะ,5
ดีมากค่ะคุณหมอปรมาภรณ์น่ารักมากเลยค่ะเจ้าหน้าที่บริการดีมากค่ะ,5
สะอาด ใหญ่โต กว้างขวาง ดูแพง.. คุณหมอเก่งมากและให้คำแนะนำที่ชัดเจน กระจ่าง ไปตรวจวัดสายตามา เครื่องตรวจแต่ละตัวมาตรฐานสากล และวัดได้ละเอียดดีมากค่ะ ส่วนในเรื่องของสถานที่นั้นกว้างขวาง เดินหลงกันเลยทีเดียว กว่าจะหาลานจอดชั้น 5 เจอคือ งง เดินวนไปวนมา แต่ทั้งพยาบาลและ บุรุษพยาบาลคือน่ารักมาก ช่วยบอกทางเรา บอกจนหาทางกลับถูกอะ คือเข้าใจและว่าอืม ทำไมที่นี่ถึงมีต่างชาติมาใช้บริการ เพราะมาตรฐานเค้าดีจริงๆ ส่วนในอนาคตไม่รู้เหมือนกันว่า จะมีโอกาสได้ใช้บริการอีกไหม เพราะราคาก็แทบจะขายนากันเลยทีเดียว ..,4
ดีเลิศ ยินดีที่ให้บริการ เรารับจัดงานเลี้ยง งานสัมนา งานแต่งงาน ทัวร์ งานอีเว้นต่างๆ บริการอาหารรสเลิศ พร้อมเครื่องดื่ม บรรยากาศสบายๆๆราคาเบาๆๆ เป็นกันเองอยู่ใกล้กับสวนหลวง ร.9 สนใจติดต่อเรา 093-232 8297(แพ็ตตี้) ผู้ช่วยผู้จัดการ ฝ่ายการวางแผนการจัดเลี้ยง คิดจะทานคิดถึงไทเรียว วอเตอร์วิว เลขที่4 ถนนเฉลิมพระเกียรติ ร.9 ซอย45 แขวงหนองบอน เขตประเวช กรุงเทพ10250,5
บริการดีครับ ถ้ามีปัญหาอะไรน่าใช้บริการที่สุดครับ,5
บริ บริการดีมากๆพยาบาลเจาะเลือดไม่เจ็บเลย,3
พาสามีมาผ่าตัดที่โรงพยาบาลนี้คุณหมอเก่ง ยาดี หายเร็ว แผลผ่าตัดเล็กนิดเดียวสุดยอดเลยค่ะ,5
เราเป็นคนไข้ ที่โรงพยาบาลนี้ กันทั้งครอบครัวค่ะ ชอบที่นี้ มีหมอ ที่เป็นพาษา ญี่ปุ่น คุยกับ คนไข้ เข้าใจ ค่ะ สามีเรา เป็น คนญี่ปุ่นค่ะ เราเป็น คนไข้ ที่นี้มา มากกว่า 20ปี่แล้ว จนถึงทุกวันนี้,4
ประทับใจทุกอย่าง ทุกครั้งที่ใช้บริการ แต่ พนักงานผู้หญิงลงคิวเรียกแท็คซี่ ช่วยยิ้มหน่อยมั้ย นอกนั้นชอบหมด ยังไงก็หาแต่ที่นี่แน่นอน,5
รู้อุ่นใจที่เข้ามารักษา ต้อนรับบริการดีถ้าอุ้มได้คงอุ้มขึ่นเตียงแล้ว(แม่เรา),5
ไว้ใจมานานค่ะ ไม่ว่าจะป่วยหนักป่วยน้อย ไว้ใจที่นี่เท่านั้นค่ะ บริการดีเยี่ยม ประทับใจทุกครั้ง,4
วันนี้แม่มีนัดหาหมอ 3 คน 3 แผนก อายุรกรรม สมอง และผิวหนัง เจาะเลือดที่อายุรกรรมเสร็จต้องรอผลเลือด 1ชม. ครึ่งมซึ่งก็เป็นปกติที่ต้องรอ เลยพาไปหาหมอที่แผนกผิวหนังระหว่างรอผลเลือด รอนานมากๆ ค่ะ แม่ดิฉันสภาพคนแก่ที่นอนติดเตียง ลองนึกสภาพว่าต้องนั่งรถเข็นนานๆ จนตัวเอียง มันจะเป็นยังไง วันนี้ไม่พอใจมากๆ ที่แม่ในสภาพแบบนี้ต้องรอหมอนานมากขนาดนั้น จึงข้องใจกับการบริหารจัดการของ รพ มาก ว่าไม่ได้ดูสภาพคนไข้เลยหรือว่าคนในรอได้ คนไหนอยู่ในสภาพที่รอไม่ได้ ถ้าพ่อแม่บุพการีพวกคุณต้องทนนั่งหลั...,3
บริการดีมากๆ ทั้งพยาบาลและแพทย์ค่ะ อบอุ่นใจทุกครั้งที่ใช้บริการ...,5
มีพยาบาล ช่วงวัดสายตา ไม่ได้จำชื่อ ผมสั้นๆ พูด จาไม่ดีแสดงกิริยาไม่ดี ไม่น่ามาทำงาน ร.พ เอกชนดังเลย เราไปตรวจโรคเมื่อวานไม่ได้ดูว่าชื่ออะไร อยู่ ชั้นสองเคาเตอร์กลางๆ,3
"ทำโรงพยาบาลดูดีจริงแต่ที่จอดรถแย่มากทั้งเก่าทั้งแคบ วันนี้จอดรถแบบซ้อนคัน พอขากลับเจอรถโดนจูบทั้งหน้าหลังเลย และที่สำคัญไม่มียามคอยดูแลบริเวณนั้นเลย คาดว่าคงมีคนเข็นแล้วมาชนติดๆกันขนาดนี้ ไม่เข้าใจเลย จ่ายค่ารักษาพยาบาลคืนละ40,000 แต่คุณภาพต่ำกว่าระดับรพ.รัฐอีก เวลาเรียกพยาบาลแต่ละคนก็ทำหน้าตาเหมือนไม่รับแขก เทียบกับที่อื่นไม่ได้เลย ไปรพ.มาหลายที่ ยินดีด้วยที่นี่แย่ที่สุดเลยค่ะ",1
นึกว่ามาโรงแรม 5ดาว.....555…,5
แพทย์ พยาบาล และเจ้าที่ทุกฝ่ายบริการดีมากค่ะ,5
บริการดี รอไม่นาน คุณหมอให้คำแนะนำในการรักษาดี,4
โรงบาลชนิดธุรกิจ ยาก็ย้างนอกถูกกว่าเยอะ คนจนเข้าไม่ได้ แพงมาก คลีนิกข้างนอกโรคหวัด 3-6 ร้อยที่นี่เป็นพันๆ ต้องรักษาโรคประสาทต่อเพราะจน,2
การบริการดีเยี่ยม ทั้งห้องพัก และคนไข้ รู้สึกปลอดภัยและไว้วางใจที่จะฝากคนสำคัญไว้ให้ดูแลค่ะ,5
โรงพยาบาลกว้างๆๆๆๆไม่มีแม้แต่เจ้าหน้าที่แนะนำว่าจะควรเดินไปทางไหน ห้องอะไรอยู่ตรงไหน พอลงทะเบียนเสร็จบอกให้เดินขึ้นไปสูติชั้น2ค่ะ ขึ้นไปมีแยกขวาแยกซ้าย ก็ไม่มี จนท มารับสีกคน ป้ายก็ไม่มีเขียนสูติ หลังจากเดินไปก็ถามแม่บ้านถูพื้น จนเจอแผนก ที่สำคัญที่สึดคือ ในห้องไม่ทีใครเลย เราเป็นคิวเดียวคนเดียว ไปถึง18.20กว่าๆ ได้พบหมอตอน 19.30 น.ค่ะ คิวไม่มี!! ขอเจาะเลือด ก็ยังไม่มีคนไข้มีเราคนเดียว รอเจาะเลือดอีก20นาที จนต้องเดินไปถามพยาบาลว่า รีบหน่อยได้มั๊ยคะจะต้องขับรถกลับ ตจว อีก5นาทีต่อมา ถึงเรียกเราเข้าไป นี่หรอค่ะ รพ.มีชื่อเสียง?? เอกชนราคาแพง?? นึกว่าโรงพยาบาลรัฐบาล ที่แรกตั้งใจว่าจะรักษาที่นี่ คิดไปคิดว่ารอขนาดนี้ตายแน่ ปกติไปพยาไท2 เปรียบเทียบกันแล้วพยาไทดีกว่าเยอะมากค่ะ,5
หมอดีจริงๆ หมอใจดีมาก,5
บริการดี !!!! ถูกใจคะ ! พนักงาน ยิ้มแย้ม ชอบๆๆๆๆ,4
คุณหมอดีมาก ที่จอดรถยากหน่อยวนตั้งนานกว่าจะจอดได้,5
ขอเปลี่ยนร้านอาหารในโรงอาหารได้ไหมครับ ขาดซึ่งความอร่อยเลย ชื่อว่าร้านดัง แต่ไม่ใช่เลย ยกตัวอย่าง ข้างหน้าไก่ห้าแยก ไม่ใช่ ลองไปทานที่ห้าแยกดู คนละเรื่องกันเลย ร้านอื่นๆขอเหมือนๆกัน บางร้านเอาคนต่างด้าวมาทำ มันไม่ใช่นะครับ คนดูแลเรื่องนี้ น่าจะลงไปดูแลบ้าง เสียชื่อหมด,3
"ต้องปรับปรุงเรื่องป้ายบอกทางให้ชัดเจน และแก้ไขพื้นที่รับส่งผู้มาใช้บริการเพิ่มเติม ,การทำความสะอาดห้องน้ำยังไม่ผ่าน",3
รักษาที่นี่มาหลายปี ปีนึงหลายหน การบริการดีมาก ต้อนรับตั้งแต่ก้าวขาลงหน้าโรงพยาบาล หมอตรวจเกือบทุกแผนกตรวจดีมากนะ ให้คำอธิบายดีตรวจละเอียด ไม่ใช่หมอมองหน้าแล้วถามอาการแล้วจ่ายยา สถานที่สะอาด ต้องปรับปรุงในส่วนการเงินคือคิวรันมั่วมาก รอไปรอมาจนบางทีงงเมื่อไหร่จะถึง โดยรวมถือว่าโอเครการบริการประทับใจ เครื่องมืออุปกรณ์ทันสมัย,5
บริการดีมากสะดวกสะบายพยาบาลน่ารักทุกคน,4
รักษา กับ โรงพยาบาลกรุงเทพ 20 กว่าปี มาแล้วทั้ครอบครัว ขอขอบคุณ ในการดูแล สุขภาพที่ดีเยี่ยม มาตลอดครับ ด้วยความเคารพอย่างสูงยิ่ง,5
บริการดีค่ะ. เจ้าหน้าที่สุภาพ. น่ารัก. สถานที่สะอาด,1
บริการดีมากคับ ลูกค้าประกันชีวิต ก็ใช้บริการที่นี่,5
ดีครับผมพาน้องมารักษาที่นี่หมอที่นี่ดีมากๆครับ,4
ที่นี่เหมือนเลือกปฏิบัติมาก บริการคนต่างชาติดีนะ แต่สำหรับคนไทย นี่แบบไปตรวจสุขภาพทำวีซ่า ให้เรารอ ชม. ครึ่ง ถามย้ำหลายรอบว่ายังไม่ได้ปัจสาวะหรอคะ แต่ไม่ยอมไปดูที่ตระกร้าเลย ว่ามีนานแล้ว สรุปให้รอ ชม กว่า เพื่ออะไร งง.. บริการก็ไม่ดี เจ้าหน้าที่ พยาบาล และหมอ นี่เดินคุยกันเรื่องไร้สาระมาก ไม่ได้เกี่ยวกับงานแล้วให้ คนมาใช้บริการรอ รออะไรก็ไม่แจ้ง ทั้งๆที่ตรวจหมดทุกอย่างแล้ว ควรปรับปรุงนะคะ องค์กรจะได้น่าอยู่มากขึ้น...,2
สะอาดสะอ้าน เจ้าหน้าที่เอาใจใสเป็นกันเองดีมากๆ,5
ทุกครั้งที่เจ็บป่วยก็จะไปที่นี่ค่ะ ทั้งแพทย์และพยาบาลมีความชำนาญ สถานที่และเครื่องมือแพทย์ก็ใหม่และสะอาดเสมอ เจ้าหน้าที่บริการดี และราคาก็ไม่แพงเกินไป,5
เข้าใจความต้องการของคนไข้ดีมาก คุณแม่รักษามะเร็งตับในวัย82ปีที่นี่ไม่ทรมาน และหายแล้วปัจจุบันแข็งแรงดีเหมือนตอนไม่ป่วยคะ,4
เข้ารักษาตัวที่โรงพยาบาลด้วยอาการปวดหัวและอาเจียนวันที่9/9/59 พักห้อง1108 หมอดูแลดีมาก พยาบาลดูแลดีมากคะ เสียอย่างเดียววันสุดท้าย สั่งอาหารเที่ยงทานก่อนออกจากโรงพยาบาล สรุปซุปเห็ดบูดเสียชิมไปคำแรกมีรสชาติเปรี่ยวอย่างชัดเจน เลยโทรบอกพยาบาลประจำชั้นและพยาบาลแจ้งแผนกอาหารนำมาเปลี่ยนใหม่ให้แต่ ดิฉันคิดว่า อาหารของคนไข้ควรมีมาตฐานที่ดีกว่านี้ แล้วถ้าดิฉันไม่เคยซุปเห็ดมาก่อนแล้วคิดว่ารสชาติต้องเป็นแบบนี้แล้วท้องเสีย ทางโรงพยาบาลจะรับผิดชอบอย่างไร? เพราะโรงพยาบาลกรุงเทพ คือโรงพยาบาลเอกชนที่มีค่ารักษาค่อนข้างสูงมาก!!!!! ควรจะปรับปรุงคะในจุดนี้ แต่ในเรื่องของการบริการดีมากทุกอย่างยกเว้นวันสุดท้ายก่อนออกแค่เรื่องอาหารเรื่องเดียวคะ,4
ใช้บริการและฝากสุขภาพไว้กับรพกรุงเทพตลอด คุณพ่อเป็นเส้นเลือดหัวใจโป่งพองเปลี่ยนเส้นเลือดสำเร็จมา5-6ปีแล้ว ตัวเองเป็นภูมิแพ้และไซนัส ทีมแพทย์มีความชำนาญ อุปกรณ์การแพทย์เพรียบพร้อมและทันสมัย พยาบาลดูแลผู้ป่วยดีมาก ไม่ผิดหวังที่ไว้วางใจโรงพยาบาลกรุงเทพให้ดูแลสุขภาพครอบครัวมาตลอดค่ะ,5
คุณแม่ไปครอบฟันเกือบตายค่ะ หมอไม่ดูประวัติคนไข้เลยว่ามีปัญหาเกี่ยวกับหัวใจ หลังจากทำฟันเสร็จคุณแม่ลุกไม่ขึ้นพยาบาลบอกว่านอนนานก็แบบนี้ สักพักคุณแม่ลุกจากเตียงแล้วเดินไปเข้าห้องน้ำเกิดอาการทางหัวใจเต้นช้า หมอที่ทำฟันไม่สนใจเลย พยาบาลส่งเข้าห้องฉุกเฉินระหว่างนั้นดิฉันไม่ได้อยู่โรงบาลด้วย ติดธุระที่บ้าน คุณพ่อไปด้วยกับคุณแม่ แล้วไม่ได้เอาบัตรเครดิตไป คือไปชำระเงินสดทำฟันแล้วสองหมื่นกว่าบาท อาการคุณแม่ไม่ดีเลยทางห้องฉุกเฉินแนะนำให้เอดมิด แต่พยาบาลแจ้งว่าต้องจ่ายเงินค่าห้องก่อนเข้...,1
การดูแลผู้ป่วยดีมาก ใส่ใจ เอาใจใส่ ไปคนเดียวก็ไม่กลัว ค่ารักษาพยาบาลแพงแต่ดีจริง ขอบคุณนะคะที่ดูแลกัน,5
บริการที่ห้องฉุกเฉิน รวดเร็ว เครื่องมือพร้อม ทราบผลเร็ว (ในด้านการพักฟื้นรักษาตัวของผู้ป้วยที่ห้องพัก รู้สึกว่าคุณภาพการให้บริการลดลง),4
บริการดีมากๆค่ะ,5
ประทับทุกคนเลยคะ พยาบาลก็ยิ้มแย้ม คุณหมอก็ไม่ใช่แค่ตรวจๆๆ แต่ยังให้คำแนะนำเพิ่มเติ่มที่มีประโยชน์ดีอีกด้วย,5
หมอเก่งมากครับชัวิตผมดีขึ้นก็ได้คุณที่นีรักษา,3
คลอดลูกไปเมื่อ14เมษายนที่ผ่านมา ต้องขอบคุณคุณหมอมากๆสำหรับการดูแลกันมาช่วงฝากครรภ์และทำให้การผ่าคลอดผ่านไปได้ด้วยดีและแผลเรียบร้อยมากๆค่ะ (อ.ตวงสิทธิ์) และประทับใจพยาบาลวอร์ดเนิร์สเซอรี่มากๆค่ะ ที่ดูแลเราแม่ลูกเป็นอย่างดี ใช้บริการที่นี่มานาน แผนกนี้น่ารักสุดๆ,5
บริการดีมากๆ หมอ พยาบาล การจ่ายยา ราคาก็อืม... แพงตามความดีนะแหละ คริๆ,4
คุณหมอพูดเพราะบริการดีมากครับ พึ่งไปตรวจสุขภาพมา,2
คุณหมอเก่ง บริการดีมาก,5
ดูแลดีคุณหมอให้คำแนะนำดูแลสุขภาพให้แข็งแรง,5
ไปมามะวานแก้มลูกช้ำ ไปบ่ายโมงครึ่ง เรียกตรวจ2โมงครึ่ง เจอหมอหมอบอกไปเอ็กซ์สเรย์ เอ็กซ์สเรย์15นาที มารอหมออีก 2ชั่วโมงครึ่ง เข้าไปหาหมอ หมอบอกเอาน้ำร้อนประคบก็พอ ถามหมอมียาทาไหม หมอบอกไม่ต้อง น้ำร้อนอย่างเดียวพอ โดนค่าหมอไปอีก พันสาม นี่มันอะไรกันสุดยอดเลย ยาก็ไม่มี โดนค่าหมออีก จะประทับใจดีไหมเนี่ย,2
บริการรวดเร็วฉับไว รู้สึกว่าตัวเองเป็นลูกค้าวีไอพี พยาบาลคอยช่วยเหลือทุกอย่างไม่ต้องทำอะไรเองเลย,5
โดยรวมแล้วบริการค่อนข้างดี แต่มีบางแผนกที่เจ้าหน้าที่ให้ข้อมูลไม่ถูกต้อง รวมทั้งผิดพลาดหลายครั้งเกี่ยวกับเรื่องเจาะเลือด ทำให้เสียเวลาเป็นอย่างมาก,3
พอดีพาลูกไปตรวจแต่ที่โรงพยาบาลเเล้วพยาบาลก็เช๊คร่างกายเบื้องต้น วัดไข้ได้ 39 พยาบาลให้รอเเล้วก็ไม่ทำอะไรเลยค่ะ รอนานเป็นชม จนเด็กซึม จนต้องย้ายโรงพยาบาล ทั้งๆที่คนรับบริการก็ไม่เยอะมผิดหวังมากค่ะ เพราะปกติเด็กไข้ขนาดนี้คุณควรเช็ดตัวเเล้วให้ยาลดไข้ก่อน ผิดหวังกับบริการมากๆ,1
เจอหมอพูดจาแย่มาก ไม่รู้​อารมณ์​เสียมาจากใหน หงุดหงิด​ชมัด,1
คุณหมอใจดีพูดดีมากๆชอบค่ะๆส่วนค่ารักษาก็แพงไปนะคะเพราะต้องมาพบหมอตามนัดทุกเดือนๆค่ะ,4
คุณหมอเก่งมาก (หมอเด็กคุณหมอพรเทพ) รักษากับคุณหมอประจำ คุณหมอพูดเพราะ พยาบาลก็น่ารักทุกคนคะ แต่ข้อเสียอย่างนึงเวลาเด็กเป็นไข้ไป พยาบาลให้รอ ไม่เช็ดตัว ไม่กินยาเลย คือต้องรอเบิกยาเองถึงจะได้กินยาลดไข้ โดยรวมดีคะ แต่รสชาติอาหารผู้ป่วยในเปลี่ยนไปจากเดิม เมื่อก่อนอร่อยกว่านี้,4
คุณหมอดอนพิชิตเก่ง ใจดี เอาใจใส่คนไข้ดีมากๆค่ะ,5
หาหมอจงรัก หมออายุรกรรม เมื่อวันที่15มค หมอตรวจเร็วมาก คนไข้ไม่มี แต่รอหมอนานมาก และหมอตรวจไม่ถึง 1 นาที ทานยามา 3 วันแล้ว ไม่ดีขึ้นเลยค่ะ,4
เคยมาสองครั้งแล้ว ประทับใจทุกครั้งเลยค่า ชอบตรงที่พนักงานยิ้มตลอดเวลา พูดเพราะตลอดเวลา กิริยาสุภาพตลอดเวลาเช่นกัน. ชอบๆๆ,5
ได้พาคุณแม่ไปตรวจตาที่โรงพยาบาลกรุงเทพมาคะ การบริการดี คุณหมออธิบายถึงสาเหตุการเกิดให้เราได้เข้าใจได้ดีคะ ถามทางกับพยาบาลตอนแรกก็คิดว่าเขาจะอธิบายเสร็จเราเข้าใจก็จบ เห็นเขาลงลิฟต์มาด้วยไม่คิดว่าจะเดินลงมาส่งถึงที่ เพราะกลัวเรากับแม่ไปไม่ถูก นี่แหละคะ เป็นการบริการที่ประทับใจมากอย่างหนึ่งเลยคะ,4
ยายเราเข้าทำการผ่าตัดเปลี่ยนลิ้นหัวใจ กับทำบายพาส เราเชื่อใจในความสามารถของรพ.มาก ผ่าตัด 13 ชม หลังจากยายออกจากห้องผ่าตัดเสด วันรุ่งขึ้น สามารถพูดคุยได้ ถอดเครื่องช่วยหายใจได้ หลังจากนั้นก็ไม่ตื่น ฟื้นขึ้นมาอีกเลย ซึ่งหมอไม่สามารถตอบได้ว่าเกิดจากอะไร นอกจากจะบอกว่าน่าจะติดเชื้อ แต่หมอทางด้านติดเชื้อได้ให้ยาคลอบคลุมเชื้อทุกอย่างไว้อยู่แล้ว เราก็ทำได้แต่รอ ส่งเพาะเชื้อกี่รอบก็หาไม่เจอ หมอก็ไม่ค่อยอยากจะคุยกะญาติคนไข้ ตามตัวยากมาก ไปๆมาๆยายมีภาวะช็อคเงียบ บวกกับเป็นโรคไตอยู่แล้ว...,1
ปกติก็ประทับใจมาตลอดนะคะ แต่วันนี้ไม่พอใจมากๆค่ะ มาถึงตั้งแต่ 9.30 รอตรวจเลือดก็รอก็เห็นคนมาทีหลังได้ตรวจก่อนไปถามสรุปว่าพยาบาลเอาไว้ทิ้งที่เคาเตอร์ลืทเอามาให้ห้องเจาะเลือดกว่าจะได้เจาะ 10.30 บอกว่ารอผลประมาณ 1 - 1.30 ช.ม. เที่ยงก็ไปถามบอกเพิ่งได้รัยเลือดยังไม่ได้ตรวจต้องรอผลอีก คือแบบเอาลูกไปด้วยเด็กก็เริ่มจะออแอ เพราะปล่อย้ดินเด็กก็ซนไปตามเด็กต้องเาไว้รถเข็นเค้าก็งอแง ถามว่าถ้าคุณไม่ลืมเอาใบส่งดิฉันไปให้ห้องตรวจเลือดดิฉันต้องมารอนานขนาดนี้ไหมคะ?? คุณพยาบาลแผนกทางเดินอาหาร,2
รอดชีวิตมาได้ก้อจากที่นี่แหละ คุณหมอเก่งมาก.,5
การบริการของนางพยาบาลดีมาก ทุกๆ 30 นาที ถามคนไข้ตลอด,4
บริการดี ค่ารักษาค่อนข้างสูง,4
รบกวนสร้างห้องน้ำส่วนตัวของพยาบาลด้วยนะคะรู้สึกไม่สะอาดนิดหน่อยพยาบาลก็เหมื่อนแขยงแล้วทำหน้าเหมื่อนรับไม่ได้ถ้าห้องน้ำญาติหรือห้องน้ำผู้ป่วยทำให้พยาบาลบางท่านเป็นได้ขนาดนี้รบกวนทางโรงพยาบาลสร้างเถอะคะ,1
"โรงพยาบาลกรุงเทพ สาขาที่กรุงเทพ, ดีนะ โอเคทุกอย่าง... แต่สาขาที่เชียงใหม่ควรปรับปรุงเรื่องที่จอดรถ",3
นิอร เป็นคนใข้ ของคุณหมอสมชัย นันทวิทยา(สูตินรีเวช)คุณหมอ ตัวใหญ่ พูดน้อย แต่ใส่ใจในการรักษามากๆๆๆ เยี่ยมมาก!!!! คะ รักคุณหมอ นะคะ,4
ชอบบริการดีเร็วหมออธิบายละเอียดเข้าใจง่าย,4
สะดวกรวดเร็ว คุณหมอที่รักษาด้วยดีทุกท่านค่ะ ถามไถ่อาการอย่างดี เช็คดูแผลให้อย่างละเอียดค่ะ ล้างแผลทำแผลให้เองค่ะ สุภาพมากๆค่ะ ใจดี รุ้สึกอุ่นใจค่ะ พยาบาลบริการดีเช่นกันค่ะ,5
ที่สะอาดกว้างขวางใหญ่โตมาก การบริการประทับใจมากตั้งแต่เดินลงมาจากรถเลยค่ะ เจ้าหน้าที และพยาบาลทุกท่านน่ารักเอาใจใส่คนไข้อย่างดี อาจารย์หมอผู้ตรวจรักษา พูดจาไพเราะมาก ค่ะตรวจรักษาละเอียด สอบถามอาการคนไข้และอธิบาย อย่างละเอียด เข้าใจได้ง่าย สุดยอดแห่งการให้บริการเลยค่ะ,5
ปกติจะมาเยี่ยมป้าหลายครั้งแล้ว ครั้งนี้ได้มาตรวจสุขภาพเอง พี่พยาบาลคอยอำนวยความสะดวกให้ตลอด เห็นเรานั่งรอคิวนานก็เดินมาถามมาเช็คให้ บริการดีค่ะ,5
มาหาหมอที่ศูนย์ผิวหนังและความงามรพ.กรุงเทพแต่ละครั้งใช้เวลารอพบหมอไม่ต่ำกว่า3ชั่วโมง..แต่คุยกับหมอไม่ถึง5นาที เป็นการรอที่น่าเบื่อเสียเวลามาก...ควรรีบแก่ไขด่วน,3
การตรวจละเอียดดี แต่ช้าตรงขั้นตอนรอตรวจแล้วเข้าคิวจ่ายเงินค่ะ,4
ไปเจาะก้อนเนื้อเปลือกตาบน ต่อคิวไม่นาน เจาะตาเสร็จมีรถเข็นมารับ,4
คุณหมิก้อเแนกัน้องคะใส่ใจคนไข้พยาลผู้ดูแลใส่ใจดีมากคะเปนกันเองพูดเพราะ,5
โรงพยาบาลกรุงเทพดูแลดีที่สุดตั้งแต่ที่เคยรักษามา ประทับใจในบริการมากๆครับ,5
เกิดอะไรขึ้น กับ กลิ่นเหมือนท่อน้ำ ของแผนกทางเดินอาหารค่ะนี่ คลุ้งจนต้อง ดมยาดมเลย. กรุณาปรับปรุงน่ะค่ะ. คิดว่าเป็น ตึกร้อยปี ของรพ. รัฐ ซะอีกค่ะ.,4
บริการดีมาก สะดวก สะอาด บุคลากรณ์ ยิ้มแย้ม อัธยาศัยดี,5
"รพ.นี้ทำให้รู้ว่าการทำจมูก ราคาแพงไม่ได้สวยกว่าที่อื่น ตอนปรึกษาพูดโน่นนี่นั่นดีมากพอทำออกมา บอกเลยค่ตห่วยแตก ทำมา7 เดือน 30,900 บาท ตอนนี้แทบมองไม่ออกว่าทำหรือเปล่า ห่วยแตก เป็นคนเนื้อจมูกน้อย นะแต่ พื้นฐานพอมีอยู่บ้าง แต่ที่เลือกทำเพราะอยากได้มีกว่านี้ แต่นี่เหมือนไม่ได้เสริม 30,900 อยู่ตรงไหนคะ",1
ทั่วไปก็โอเคร คือสะดวกสบายแน่นอน สมราคาแค่ถ้ากระเป๋าไม่หนักก็ต้องคิดให้ดีก่อน ไม่ชอบตรงที่เป็นพาณิชย์มากไปแม้แต่หมอเองก็พยายามขายสินค้าแพคเกจของโรงพยาบาล,4
ไปตึกหัวใจพบ อ.สุดารัตน์ เป็นกันเองดูมีความรู้ความสามารถสูงโชคดีของคนไข้และโรงพยาบาล,4
ถ้าคนมีเงินมันก็ดีแต่คนไม่มี เงินมันก็ไม่ดูแล,1
บริการไม่สม ค่าไช้จ่าย,1
เจ้าหน้าที่ผู้ชายที่ยกตัวผู้ป่วยขึ้นเตียง ที่แผนก ฉายรังสีที่ตึก วัฒโนฯ มีน้อยมาก ต้องรอนาน15-20นาที บางครั้งญาติคนไข้ ต้องช่วยยกกันเองกะพยาบาลที่วอร์ด (คนไข้ขา2ข้างวีค)แล้วเมื่อฉายเสร็จจะกลับญาติคนไข้ก็ต้องเข็ญกลับเองรอเจ้าหน้าที่ นานมากอ่ะค่ะ,3
สุดยอดกับการ^บริการลูกค้า^ทุกๆท่านครับ!!!,5
ชอบมาตรวจสุขภาพประจำปีที่นี่ เพราะดีกว่าร.พ.อื่นๆ สะดวกรวดเร็วครบวงจร มาช่วงเดือนธันวาคมมีโปรโมชั่นดีๆลดราคา50% เลยมาตรวจ4ปีนี้ค่ะ...,4
คุณหมอที่รักษาเก่งมาก ใส่ใจคนไข้แต่การจัดการค่อนข้างล่าช้า ห้องพักค่อนข้างเก่า ฝ้าเพดานในห้องน้ำเป็นเชื้อราเยอะมาก ของใช้ในห้องดี อาหารอร่อย,3
โดยปกติที่บ้าน แทบทั้งตระกลูเข้ารับการรักษาที่ รพ.กรุงเทพ โดยตลอด ไม่ว่าจะป่วยด้วยเรื่องอะไรทำฟัน คลอดลูก แต่เมื่อวันก่อนพาพ่อสามีไปแอดมิดทาง รพ. เรียกเก็บเงินมัดจำ20000 บ้าไปแล้วหมดกันความประทับใจที่รักษา กันมากว่า30 ปี ตั้งแต่รุ่นคุณยายสมัยมีแค่ตึกเดียว จบกันภายในวันเดียว ถ้าไม่ติดคุณหมอย้าย รพ. แล้วรอบหน้า ไม่ขอเจอกันอีก เสียความรู้สึกมากกกกก การที่เราก้าวเข้ามาใน รพ.คุณเราก็ต้องมั่นใจแล้วว่าเรามีปัญญาจ่ายผู้บริหารทบทวนใหม่นะคะ,5
ที่นี่โอเคครับ...ยอมรับ,5
การรอคอยที่จะรักษาคนไข้เป็นการรอคอยที่นานมาก รอแบบไม่มีจุดหมาย คืออาการแต่ละคนที่ไปเค้าก็หนักถึงได้ไปแต่ก็รอพอกับรพ.รัฐทั่วไป ไม่มีความเป็นมืออาชีพเหมือนชื่อเสียงที่ได้รับ,3
บริการดี รวดเร็ว สะดวก,5
แพงเกินคุณหมอ,3
เป็นไข้ขึ้นสูงถึง 40 จ่ายยาพารามาให้อย่างเดียว จ่ายไปเกือบพัน ถ้ารู้ว่าจะให้แค่ยาพารามากิน ซื้อกันกินเองก็ได้นะ ร้านขายยาข้างนอกไม่ถึงร้อยเลย รักษาจะเอาแต่เงินจากคนไข้อย่างเดียวเลย,1
"1. ประทับใจพนักงานที่ข้างหน้า มีการเอาใจใส่ผู้ป่วย(ผู้สูงอายุ)ที่มารพ. หารถมาให้นั่ง บริการเข็นไปส่งถึงแผนก 2. พยาบาลและคุณหมอ ดูแลคนไข้ดีค่ะ 3. การพูดจา ยิ้มแย้ม แจ่มใส น่ารักทุกคนค่ะ (อันนี้ชมเคส วันที่พาคุณป้าพิศ(อายุ 78)ไปนอนให้น้ำเกลือที่ รพ.พักอยู่ชั้น 8 ห้อง 802 เมื่อวันที่ 6/10/59 ทั้งพยาบาล, คุณหมอ(โภชนาการ)น่ารัก(เภสัช)พูดจาดี สุภาพ ฝากขอบคุณทุกท่านด้วยค่ะ",5
โรงพยาบาลใหญ่โต อะไรอยู่ตรงไหนบ้างหาไม่เจอ เจ้าหน้าที่ก็แค่บอกทาง ให้ไปเดินหาเอาเอง ที่อื่นๆเจ้าหน้าที่เค้าพาไปเลยค่ะ,3
มีรถตู้ฟรีบริการ ร้านอาหารเยอะและกว้าง คนไม่เยอะมาก นั่งคุยงานสบาย แถมมีบริการขับรถไปลานจอดรถให้ และขับมาจากลานจอดรถ ยิ่งกว่าโรงแรมหลายๆที่,5
หมอรักษาไทรอยด์ผิดพลาดและไม่หาย ย้ายโรงพยาบาลแล้วค่ะ,1
คุณหมอใส่ใจในการรักษา ให้คำแนะนำดีมาก,5
เพิ่งไปคลอดลูกคนที่3ที่รพ.กรุงเทพเมื่อวันที่17ธค.59ที่ผ่านมาค่ะ ทั้ง3ท้องก้อฝากและคลอดที่นี่ทุกครั้ง และจะมีความรู้สึกไม่ค่อยประทับใจกับแผนกเนอสเซอรี่ของที่นี่ทุกครั้ง มากี่ทีก้อยังเหมือนเดิม นางพยาบาลพูดจาสุภาพ ชอบพูดว่ามีอะไรเรียกได้นะคะ แต่เอาความเป็นจริงเวลาจะเรียกใช้อะไรขึ้นมาจริงๆ ค่อนข้างยากและบางครั้งมีชักสีหน้า ชอบเอาน้องที่เพิ่งคลอดมาทิ้งให้เลี้ยงเองในห้องพักฟื้นเลย โดยทั่วไปเด็กเพิ่งคลอดต้องมาดูดกระตุ้นที่เต้าแม่ทุก2-3ชม. แต่นี่พยายามที่จะมาบ่อยเกิ้น แล้วก้อพยายามบอกคนไข้ว่าให้น้องอยู่ด้วยเลยมั้ยคะ เหมือนเค้าพยายามที่จะเลี่ยงดูแลเด็กเองตลอด ต้องเข้าใจว่าคนผ่าตัดคลอดลูก ร่างกายบอบช้ำสุดๆ บางครั้งใจอยากจะเลี้ยงเองแต่ร่างกายก้อปฏิเสธ นางพยาบาลพูดจาดีสอบถามได้นะคะ แต่พอถามจริง เหมือนไม่อยากจะตอบ หรือตอบไปที อย่างจะปรึกษาเรื่องนมแม่ จะประสบความล้มเหลวมากที่รพ.นี้ ต่างจากรพ.BNH ที่จะเน้นนมแม่ได้ดีกว่ามาก แต่ข้อดีที่เลือกคลอดที่รพ.นี้คือคุณหมอสูติ ชื่อนพ.เทวินทร์ โกสิยตระกูล เป็นอาจารย์แพทย์ที่ดีมากๆ ท่านอายุมากแล้วน่าจะ70กว่าแล้วแต่ยังแข็งแรง และทำให้คนไข้อย่างเรามั่นใจในศักยภาพของท่านว่าสามารถดูแลเราได้อย่างดีเยี่ยมและปลอดภัย ทีมแพทย์ในห้องผ่าตัด ทั้ง3ครั้ง ก็ประทับใจทุกครั้งค่ะ ดูแล พูดคุย ขณะทำการผ่าตัด ช่วยเหลือทุกอย่างเท่าที่จะทำได้ รวมทั้งให้กำลังใจทุกขณะที่คนไข้ต้องการหรือประหม่า หรือร่างกายไม่ไหวต่อการตอบสนองของการผ่าตัด เช่นยาชา มีผลต่อร่างกายทำให้รู้สึกแย่มาก กระอักกระอ่วน แต่ทีมแพทย์ก้อช่วยให้มันผ่านพ้นไปอย่างดีเยี่ยม อันนี้ประทับใจจริงๆ กี่ครั้งก้อไม่เคยกลัวผ่าคลอดลูกเลย คะแนนเลยออกมาแบบเฉลี่ยคือ3 ให้แผนกเนอสเซอรี่แค่2 แต่แผนกสูตินารีเวชห้องผ่าตัดเต็ม5เลยค่ะ,3
การมาหาหมอแล้วรู้สึกว่าได้รับบริการไม่ค่อยประทับใจ,3
วันที่ 28 ธันวาคม 2559 เวลา 19:20น. เกิดอุบัติเหตุโดนแมวที่บ้านกัดที่บริเวณข้อนิ้วกลางข้างขวา มาโรงพยาบาลด้วยตัวเอง ขับรถมาจอดหน้าโรงพยาบาลมีพนักงานรับรถ เราสามารถให้พนักงานเอารถไปจอดได้เลย ส่วนเราก็เดินเข้าห้อง ER มีประกันก็ยื่นบัตรประกัน ไม่ต้องสำรองจ่าย ไม่มีการสอบถามอะไรมากมาย ไม่ยุ่งยาก หมอมาดูแผลทำแผลได้เลย ที่ใช้บริการที่โรงบาลนี้บ่อย อยู่ใกล้บ้านหาเพียงหนึ่งกิโลครึ่ง รวมทั้งมีประวัติสุขภาพอยู่กับที่โรงบาลมานาน,5
บริการดี สุภาพ แต่รอนาน,4
ชอบที่แม่บ้าน และพนักงานให้บริการดีมาก พูดจาตอนรับเรา แนะนำเรา ให้เข้ามาติดแมท ถามว่ามาหาหมอป่วยเป็นไร ทุกส่วน แม้กระทั่งหมอ ก็บริการดี. คือ ประทับใจ มากและที่สำคัญสะดวก ห้องน้ำสะอาด,5
บริการด้วยใจ..เปรียบเสมือนอยู่ใกล้มิตรญาติ,5
บริกาดีหมอน่ารักด่วย,3
พยาบาลและแพทย์ ดูแลเป็นอย่างดีครับ,5
ตรวจสุขภาพที่ร.พ.กรุงเทพ ซอยศูนย์วิจัย ประทับใจตั้งแต่ก้าวเเรกกับรอยยิ้มเจ้าหน้าที่ลงทะเบียนที่เต็มใจให้บริการ มีชื่อนามสกุลรัดให้ที่ข้อมือกันตรวจผิดคน พยาบาลให้บริการรวดเร็ว ถูกต้องแม่นยำ หมอก็รับฟังเราเเละตอบทุกคำถามอย่างกระจ่าง สถานที่สะอาดมากๆๆ ดีที่สุดในทุกบริการครับ,5
ดีมาก การบริการดีเยี่ยม ลงจากรถจะมีบุรุษพยาบาลคอยดูแลเทคแคร์อย่างเป็นกันเองตั้งแต่ลงรถจนถึงกลับบ้านเลย แต่ค่าบริการสูงไปนิดนึงค่ะ,5
"ไปหาหมอมาค่ะวันที่ 31 ธค. หมออายุรกรรม หลังจากการตรวจพบว่าเป็นไข้หวัด ค่ารักษาพยาบาล 5,264 บาทค่ะ แพงมากๆ อยากให้หน่วยงานมาควบคุมค่ารักษาพยาบาลโดยด่วนค่ะ",2
คนไข้เยอะ แต่ระบบจัดการดีมาก แผนกส่องกล้อง พยาบาล ช่วยเหลือดีมาก แม้คนไข้จะเยอะ หมอก็ให้เวลา แนะนำ,5
ไปพบคุณหมอสมัชเพราะประสบอุบัติเหตุเพราะหกล้ม หมอใส่ใจดูแลดีมาก ถามอาการและตรวจอย่างละเอียดวิจัยใส่ใจดีมาก,5
คุณหมอใจดี น่ารักมาก พยาบาลก็ดูแลดี แต่มีข้อเสียคือเรื่องอาหาร ไม่ได้เรื่องเลย,4
บริการดีและนำดีส่วนต่างๆในองค์กรโรงพยาาล,5
คุณหมอและพยาบาลน่ารักคะ. เป็นกันเอง. และยังแนะนำการดูแลรักษาแผล. ตลอดจนแนะนำการดำรงชีวิตในช่วงแผลยังไม่หายดีคะ,4
พนักงานบริการดีมาก,5
โรงพยาบาลสะอาด /การดูแลของแพทย์และเอาใจใส่เป็นอย่างดี เป็นกันเองอธิบายโรคที่เป็นอยู่ ทำให้เราเข้าใจและปฎิบัติตัวได้ถูกต้อง,5
เกิดที่รพ..นี้ จนตอนนี้ 30 กว่าปีคุณหมอหรือพยาบาลที่ยังอยู่ เขายังจำแม่เราได้ว่าไปคลอดที่รพ.นี้ ยังถามหาเราด้วย,5
สะดวกใส่ใจทุกรายบะเอียดบริการเป็นเลิศ,5
"วันนี้ไปหาหมอที่รพ.นี้ เป็นรพ.ที่ดีมาก เพราะที่นี่ดีมากๆและคุณหมอและพนักงานทุกคนที่นี่เป็นมิตรมากๆๆ

ผมเป็นหวัดง่ายและอ้วนด้วยครับ คุณหมอสอนให้ผมขยันออกกะลังกายมากกว่านี้และคุมอาหารมากขึ้นนิดนึง 555

ประทับใจความจริงใจของคุณหมอที่นี่ครับ",5
เคยเข้าไปใช้บริการอยู่ครั้งสองครั้งค่ะ ดิฉันจำได้ว่าคุณหมอที่พบนั้นเป็นคุณหมออายุรกรรมทั่วไป เป็นมิตรดีค่ะ และมีขั้นตอนการรักษาที่เป็นแบบแผน รพ.ใหญ่มากๆๆ นึกว่าเป็นอีกเมืองนึงเลยค่ะ มี ร้านอาหารรองรับญาติของคนไข้ที่โอเคเลยค่ะ นับเป็น รพ.ที่ใช้ได้ค่ะ ปกติจะไป รพ.ไม่บ่อยและไปไม่กี่ที่ค่ะ รพ.กรุงเทพนับเป็นอีกที่ค่ะที่ดิฉันไว้วางใจในโรคไข้หวัด และโรคทั่วไปที่ไม่ร้ายแรงมาก แต่ไม่ทราบจริงๆค่ะว่าที่นี่เชี่ยวชาญด้านไหนค่ะ แต่โดยรวมดีค่ะ,3
