comment,score,en
พยาบาลบริการดีคุณหมอสุภาพโรงพยาบาลรักษาความสะอาดดีมากค่ะคุณหมอดูเเลดีเป็นห่วงคนไข้ทุกคนจ่ายยาดีมากค่ะไม่ต้องรอคิวยาวโรงพยาบาลกว้างมีที่ให้นั่งรอผู้ป่วยครอบครัวเรามาหาหมอเยอะมากๆค่ะ เครื่องมือคุณหมอทันสมัยห้องพักผู้ป่วยกว้างมากๆค่ะเเอร์เย็นจนหนาวยิ่งห้องพิเศษเเบ่งเป็นสองห้องหรูเหมือนคอนโดดเลยค่ะวิวตอนกลางคืนสวยมากชอบศิริราชมากเลยค่ะมีตลาดให้เดินรอคนไข้เครื่องมือคุณหมอทันสมัยห้องพักผู้ป่วยกว้างมากๆค่ะเเอร์เย็นจนหนาวยิ่งห้องพิเศษเเบ่งเป็นสองห้องหรูเหมือนคอนโดดเลยค่ะวิวตอนกลางคืนสวยมากชอบศิริราชมากเลยค่ะมีตลาดให้เดินรอคนไข้ด้วย,5,"The nurse is very good, the doctor is polite, the hospital is very clean, and the doctor is very concerned. Very much The doctor is modern, the patient room is very wide, and the cold until the cold. The modern doctor's hand, the patient room is very spacious, and the cold until the cold, the special room is the two luxury rooms, like a lone condo. Clay waited with patient"
ใช้บริการปรึกษาเรื่องแผลคีลอยด์ที่บริเวรต้นแขน อยากปรึกษาว่าจะผ่าตัดออกหรือฉีดยาดีใช้เวลารอพอประมานเพราะเป็น รพ.รัฐ คุณหมอให้คำปรึกษาดีมาก ทำให้เราสบายใจและตัดสินใจว่าจะทำอย่างไรกับแผล ซึ่งฉีดจะใช้ระยะเวลาในการฉีดหลายครั้งเพื่อลดขนาด แต่ผ่าตัดแผลออกทำครั้งเดียวแต่ก็อาจเกิดแผลคีลอยด์ขึ้นมาซ้ำอีกได้ ยังไงถ้าใครสนใจเรื่องแผลคีลิยด์ รพ.ศิริราชก็เป็นอีกตัวเลือกที่ดีทีเดียวค่ะ,5,"Use a consultative service for keloids on the upper arm Would like to discuss whether to undergo surgery or injecting well Makes us comfortable and decides what to do with the wound The injection will take the injection several times to reduce the size. But surgery is done once, but it may occur again keloids What if anyone is interested in keloid? Siriraj Hospital is another good option."
เป็นโรงพยาบาลที่ดีมากๆคะเคยรักษาเนื้องอกที่มดลูกพยาบาลเอาใจใส่คนไข้มากๆๆถึงมากที่สุดนอนห้องรวมเหมือนห้องพิเศษเลยคะอยู่ใกล้ชิดพยาบาลตลอดเวลาพยาบาลถามอาการทุกๆ1ชม.ห้องน้ำ เตียงนอน อาหารการกินเค้าดูแลเราเหมือนญาติจริงๆนะคะอาบน้ำเช็ดตัวขอปรบมือให้พยาบาลทุกๆคนจริงๆคะไม่ผิดหวังเลยคะที่เข้ารักษาตัวที่รพ.นี้นะคะประทับใจมากๆคะอยากรักษาที่ศิริราชต่อไปคะขอบคุณคะ,5,"It is a very good hospital. Used to treat uterine fibroids. The nurse cares for the patients as much as possible, sleeping in a shared room like a special room. Staying close to the nurse all the time. The nurse asks for symptoms every 1 hour. Take care of us like a relative. Really, take a bath and wipe. Applaud for all the nurses. Really not disappointed at the treatment at this hospital. Very impressed. I want to treat at Sirirat. Thank you to the punch"
รพ.ศิริราช คุณหมอและพยาบาลน่ารักมากค่ะ ให้คำแนะนำเกี่ยวกับฌรคดีมาก พาลูกไปตรวจตามนัดคุณหมอให้คำอธิบายดีทุกครั้ง ขั้นตอนการตรวจไม่ยุ่งยากห้องรับยาแยกเป็นสัดส่วน เจ้าหน้าที่ห้องยาให้คำอธิบายยาดี ถึงแม้เวลาเดินทางไป รพ.จะไกลแต่ก็ไม่เหนื่อยค่ะกลับมาสบายใจทุกครั้งคุณหมออธิบายแนวทางการรักษาดีมากไม่ต้องกังวลเรื่องโรค,5,"Siriraj Hospital. The doctors and nurses are very cute. Gave a lot of advice on cases Take the child to check the appointment. The doctor gives a good explanation every time. The examination procedure is not complicated. The room is a separate bathroom. Pharmacy staff gave good drug descriptions. Even when traveling The hospital is far away but is not tired. Every time the doctor explains the treatment guidelines very well, no need to worry about the disease."
"พาคุณย่าไปรักษาโรคมะเร็ง บริการดี รวดเร็วเป็นกันเอง น่ารักมากเลยค่ะ จากคุณย่าหมอ
บอกเป็นมะเร็งเต้านมระยะสุดท้ายอยู่ได้อีกไม่นานต้องนอนติดเตียงร้องเจ็บตลอดบอกทรมาร พาย่าไปให้คีโม พาไปรักษาหมอให้ยามาทานเรื่อยๆ จนตอนนี้ย่าดีขึ้นเรื่อยๆแล้วค่ะ จากที่เป็นตอนนั้นตอนนี้ผ่านมา2ปีแล้วค่ะ ย่าแข็งแรง เดินได้ กินได้ปกติจนถึงวันนี้เลย เพราะมีหมอและการให้บริการที่ดีจากทางโรงพยาบาล",5,"Take Grandma to treat cancer. Good service, fast, friendly. Very cute from Grandma Doctor.
Said that he had breast cancer in the final stages, could not last for long Take ya to chemo Take him to the doctor for treatment Until now, Grandma is getting better and better. From that moment, now, 2 years have passed. Grandma is strong, can walk, can eat normally until today. Because there are doctors and good service from the hospital"
"พาคุณแม่ไปคลินิกนอกเวลา สูตินรีเวช ขั้นตอนคือ ทำบัตร รพ สามารถทำออนไลน์ หรือไปทำที่ตึกopdชั้น 1 จากนั้น เมื่อได้HN โทรไปนัดที่คลินิกนอกเวลา แจ้งชื่อ HN ระบุวันเวลา ระบุชื่อแพทย์หรือไม่ก็ได้ เจ้าหน้าที่รับนัดให้ข้อมูลได้ดี ละเอียด โทรติดง่ายไม่ยากค่ะ
เมื่อถึงวันนัด มาถึงก่อนอย่างน้อย ครึ่งชั่วโมง -1 ชั่วโมง คนไข้ค่อยข้างเยอะค่ะ รออย่างน้อย 1-2 ชั่วโมง
ประทับใจคุณหมอ คุณพยาบาล เจ้าหน้าที่ทุกท่าน คบินิกสูตินรีเวช นอกเวลา บริการดีมากๆ",5,"Take the mother to a gynecology clinic. The procedure is to make a hospital card. Can be done online. Or go to the opd building, 1st floor. After receiving the HN, call the clinic outside the hours to inform the HN name, specify the date and time or specify the doctor's name. The staff are able to make an appointment to provide good information. Call easily, not difficult.
On the appointed day Arriving at least half an hour before - 1 hour. Patients have many sides. Wait at least 1-2 hours.
Impressed by all doctors, nurses and staff. Clinic, Gynecology, Part-time service, very good"
หน่วยจิตเวชศาสตร์ให้การดูแลผู้ป่วยที่มีปัญหาด้านอารมณ์ จิตใจ บรรยากาศภายในแผนกค่อนข้างสบายตา เจ้าหน้าที่ แพทย์ พยาบาล เป็นกันเอง การรับบริการอาจจะไม่ได้เร็วเท่าโรงพยาบาลเอกชนแต่ก็ไม่ได้ช้ามาก ไม่ต้องรีบมารับคิวหมอตั้งแต่เช้ามืด มีระบบนัดคิวผู้ป่วย  มีบริการรับยาแยกออกมาจากผู้ป่วยนอกแผนกอื่นๆ ยกเว้นหลัง 16.00 น.ที่ต้องลงไปรับยาที่ห้องยาชั้น 1 การไปหาครั้งแรกบางครั้งถ้าคนไข้เยอะมากเป็นพิเศษอาจเป็นการทำนัดเพื่อมาในครั้งต่อไปแทน ( แต่เราไปก็ได้ตรวจเลย ) ค่าบริการการให้คำปรึกษา ( ง่ายๆ คือ ค่าหมอ) สำหรับผู้ป่วยใหม่ ไม่นับรวมค่ายา ไม่เกิน 30 นาที 600฿ ครั้งต่อไป 300฿ เราพบหมอเกิน 30 นาทีหลายครั้งมากตั้งแต่ครั้งแรก ก็ได้ราคานี้ หมอใจดี สิทธิ์ก็ตามปกติทั้งจ่ายเอง ข้าราชการ บัตรทอง ประกันสังคม แล้วแต่คน ที่นี่เป็นโรงเรียนแพทย์ ดังนั้น แพทย์จะหมุนเวียนตลอด แต่ก็จะมีอาจารย์แพทย์ประจำ แพทย์ที่หมุนเวียนไม่ใช่นักศึกษาแพทย์ แต่เป็นแพทย์ที่เรียนเฉพาะทาง ก็คือ จิตแพทย์นั่นแหละ ที่นี่ปกติแล้วส่วนใหญ่ถ้าจะมีการแอดมิดคนไข้ก็จะส่งต่อไปที่สถาบันกัลยาฯ นอกจากนี้ยังการทดสอบต่างๆ เช่น การทดสอบไอคิว หรือมีการให้คำปรึกษา การทำจิตบำบัด การเข้ากลุ่ม โดย นักจิตวิทยาคลินิก ด้วย,5,"The psychiatry unit provides care for patients with emotional, psychological and psychological problems. The atmosphere in the department is quite comfortable. Staff, physicians, and nurses are friendly. Services may not be as fast as private hospitals, but not very slow. Do not rush to pick up the doctor's queue since dawn Have a patient queue appointment system There is a separate medication pick-up service from other outpatients except after 4:00 pm to go to receive the medicine at the first floor medicine room. First visit sometimes, if the patients are very special, it may be an appointment to come in Next time instead (but we can go check it out). Consultation fee (simply the doctor's fee) for new patients. Not including medicine not more than 30 minutes. 600 ฿ Next time 300 ฿. We met the doctor more than 30 minutes. Many times since the very first time. This price, the doctor is kind. Rights are normal. Doctor, so the doctor will circulate forever But there will be a full-time medical professor Medical rotation is not a medical student. But being a specialist doctor is a psychiatrist Here, in most cases, if there is an admission, the patients will refer to the institution. In addition, various tests such as IQ tests Or with a consultation Psychotherapy, joining with a group by a clinical psychologist."
ให้การรักษาดี รวดเร็ว มีนักศึกษาแพทย์มาร่วมวินิจฉัยด้วย เนื่องจากข้อมือหลุดจากการเล่นบาส แล้วล้ม การรักษาไม่ได้ถึงกับผ่าดัด รักษาโดยการเอาตุ้มน้ำหนักมาถ่วงที่ข้อศอกเพื่อให้มันยืดออก แล้วจัดข้อต่อให้เข้าที่ ฉีดยาแก้อักเสบ และเข้าเผือกไว้ อีก1เดือนก็มาเอาเผือกแข้งออก มาดอาการ พอหมอเห็นว่าอาการดีขึ้นก็เปลี่ยนมาเป็นเผือกออ่อน,5,"Providing fast treatment with medical students to come to diagnose as well. Due to the wrist being dropped from playing basketball and falling Treatment by weighting the weight on the elbow to stretch it. Then put the joints into place Injection And taro in Another month, came to remove the fracture of the albinism. When the doctor saw that the condition improved, then changed to a weak albino."
ที่นี่บริการดีมากเลยครับ คนเยอะแค่ไหนเจ้าหน้าที่ก็ทำงานเต็มที่ไม่มีอาการแสดงสีหน้าไม่พอใจให้เห็นเลยครับ เคยพาเพื่อนไปตรวจแล้วเราหาตึกผู้ป่วยไม่เจอ เจ้าหน้าที่ก็พาเราไปถึงที่เลยครับ ต้องรอคิวนานเนื่องจากคนเยอะ แต่เจ้าหน้าที่บริการดีมากเลยครับ สิ่งอำนวยความสะดวกก็มีพร้อมให้บริการคนไข้ โดยรวมแล้วถือว่าพอใจมากเลยครับ #ขอบคุณที่รพ.ให้การดีๆแบบนี้นะครับ,5,"The service here is very good. No matter how many people, the staff are fully working without any distressing facial expressions. I've taken a friend to check and we can't find the patient building. The staff took us to the place. Have to wait a long time due to the crowds But the service staff are very good. Facilities are also available to service patients. Overall, it is considered very satisfied. # Thank you for the hospital providing good care like this."
เรารักษาที่นี้ครั้งแรกด้วยอาการซึมเศร้า พยาบาลยิ้ม น่ารัก พูดเพราะทุกๆคนเลย เขาไม่แสดงออกเลยว่าหงุดหงิด หรือรำคาญผู้ป่วยที่แสดงออกเสียงดัง หรือควบคุมไม่ได้ เราไม่รู้สึกว่าตัวเองเป็นคนแปลกแยก กลับมีเพื่อนคุยในเรื่องคล้ายๆกัน ระหว่างรอคุณหมอ คุณหมอทุกท่านใจดีมากๆเลย เภสัชก็น่ารัก เราเลือกไม่ผิดจริงๆที่รักษาที่นี้ เรารักศิริราชมากๆเลย,5,"We treat this place for the first time with depression. The nurse smiled lovely, speaking because everyone. He didn't show that he was frustrated. Or annoy the patient who shows aloud Out of control We do not feel that we are alienated. Instead, there are friends who talk about similar things. While waiting for the doctor All doctors are very kind. Pharmacy is cute. We really choose not to treat this place. I love Siriraj very much."
บริการเยี่ยมรู้สึกปลอดภัยเมื่อเดินเข้าโรงพยาบาลนี้ ทั้งแพทย์พยาบาลทั้งเก่งและมีความสามารถ ทำให้ผมรู้สึงปลอดภัยและสบาบใจเมื่อเจอบุคลากรที่มีคุณภาพอย่างนี้ มีความประทับใจอย่างมากที่จะกลับไปใช้โรงพยาบาลศิริราชอีกครั้ง ขอบคุณที่คอยดูแลกันมาตลอด ขอบคุณจริงๆครับ หากมีโอกาศจะบอกต่อและใช้บริการอีกครับ  ให้5ดาวไปเลย,5,Great service. Feel safe when walking into this hospital. Both doctors and nurses are both skilled and capable. Made me feel safe and happy when meeting this quality personnel Impressed with returning to Siriraj Hospital again. Thank you for always looking after Thank you very much If there is a chance to tell and use the service again. Give 5 stars straight away.
เราเกิดที่ รพ นี้ค่ะ สมัยก่อนแม่บอกเราว่าคุณหมอและพยาบาลทุกคนที่นี่จัยดีดุแลดีไม่เลือกปฎิบัตร จนกับรวยค่ะ รักที่นี่ปัจจุบันเราไม่เคยรักษาตัวที่นี่เพราะเราแข็งแรงดีค่ะส่วนตัวเพราะที่นี่รักษารนรวยคนจนเท่ากันเพื่อประชาชนที่หาเช้ากินค่ำอย่างเราๆค่ะคุณหมอก็เก่งทุกคนค่ะแฟนเตยถุกรถชนแล้วรักษาที่ศิริราชอาการแฟนก่อน รพ.เอกชนที่นึงจะส่งต่อไปศิริราชบอกไห้เราทำไจไม่ไช่50-50แต่30-70เราร้องไห้จนจะเปนบ้าแต่ รพ.ศิริราชทำไห้เราได้แฟนกลับมาและปกติทุกอย่างขอบคุณจริงๆค่ะ,5,"We were born in this hospital. In the past, my mother told us that all the doctors and nurses here are good, good, good, do not choose to treat until they become rich. Love here. Currently, we have never treated here because we are healthy. Personally, because this place treats the rich as well as the poor for the people who are busy each other like us. The doctor is good at all. The private hospital that one will pass on. Siriraj tells us to do 50-50 but 30-70 we cry until it is crazy but Siriraj Hospital allowed us to get a girlfriend back and everything normal. Thank you very much."
"ประทับใจมากๆเลยครับผมเป็นโรคธาลัสซีเมียตั้งแต่กำเนิดและก็ได้รับเลือดที่โรงพยาบาลศิริราชจนผมได้รักษาปลูกถ่ายไขสันหลังทำให้ปมหายจากอาการผิดปกติที่เกิดขึ้นแต่เพราะโรคธาลัสซีเมียเป็นโรคที่ไม่หายขาดแต่โรงพยาบาลนี้ก็ทำให้ผมได้ใช้ชีวิตปกติแบบคนอื่นได้ครับ
ทั้งนี้แล้วสำหรับตอนนี้ผมยังคงต้องตรวจเลือดตลอดเวลาที่คุณหมอนัดเพื่อดูดีเอ็นเอและค่าต่างๆของร่างกายและยังต้องตรวจตาอีกด้วยซึ่งการตรวจทุกอย่างผมตรวจที่โรงพยาบาลศิริราชครับ",5,"I was very impressed with thalassemia since birth and received blood at Siriraj Hospital until I had the treatment of spinal cord transplant which caused the abnormalities occurring. The disease was not cured, but this hospital allowed me to live a normal life like other people.
In this regard, for now, I still have to check the blood all the time that the doctor has made an appointment to see the DNA and body values, and also have an eye examination, which everything is examined at Siriraj Hospital."
คุณหมอ รวมถึงผู้ช่วยพยาบาลและบุคคลากรของโรงพยาบาลดูแลดีครับ ใช้คำพูดน่าฟังสุภาพเป็นกันเองต่อผู้ป่วย ตอนที่เกิดอาการหอบรีบไป โรงพยาบาล คุณหมอรีบเข้ามาดูอาการแล้วใช้เครื่องพ่นยาพ่นให้ ทำให้สบายขึ้นหายใจได้ดีขึ้น หลังจากพ่นยาก็ยังคอยดูแลอีกซักระยะจนหายดีคุณหมอจึงจ่ายยาให้กลับพักผ่อนที่บ้านได้ รวมๆแล้วโอเคกับโรงพยาบาลที่นี่ครับ,5,"The doctors, including the assistant nurses and staff of the hospital, take good care of it. Use words that are polite and friendly to the patient. When the symptoms were suffocating, hurry to the hospital. The doctor hurried to come to see the symptoms and then use the inhaler. Improved breathing comfort After spraying the medication, he continued to take care for a while until healed. The doctor then gave the medicine back to rest at home. Overall, it's OK with the hospital here."
"เนื่องด้วยตัวเราเองป่วย และต้องรักษาตัวที่โรงพยาบาลศิริราช มาหลายปี การที่มาที่โรงพยาบาลนี้บ่อยๆทำให้สังเกตเห็นได้ว่า บุคคลากรที่นี่มีคุณภาพมากๆ ระดับดีเยี่ยมเลยจริงๆ ประทับใจตั้งแต่ พนักงานรักษาความปลอดภัย พนักงานเคลื่อนย้ายผู้ป่วย พยาบาล จนกระทั่งหมอ ประทับใจไปหมดทุกอย่างเลยจริงๆ วันนี้ตั้งใจเขียนกระทู้นี้ ให้กำลังใจทุกๆคนที่ทำงานในศิริราช

พนักงานรักษาความปลอดภัย
เราสังเกตว่าเขาจะตรวจดูในอาคารด้วย เดินดูทั่วอาคารเลย ดูแลความปลอดภัยดีมาก เวลาจะข้ามถนน ที่นี่ คนเดินเท้าใหญ่กว่ารถ และรถเข็นคนไข้ ใหญ่ที่สุด คือถ้ามีรถเข็นจะข้ามปุ๊บ โบกให้รถยนต์จอดก่อนเสมอ

พนักงานเคลื่อนย้ายผู้ป่วย
เป็นอีกหน่วยหนึ่งที่ปลื้มใจสุดๆเมื่อวานสดๆร้อนๆ เราเองต้องนั่งรถเข็น ฝนก็ตก เราเองจะไปจากตึกสยามมินไปโรงอาหาร ก็ให้แม่เข็นไปให้  พอ พี่พนักงานเห็น เขารีบเข้ามาถามว่า ไปไหนครับ เดี๋ยวผมเข็นให้ พอไปถึงหน้าโรงอาหารมันมีน้ำขังจากฝนตกอยู่ เราเห็นแล้วก็จะบอกว่า พี่ส่งตรงนี้ก็ได้คะ เดี๋ยวจะเดินไปเอง(ใช้ไม้เท้าเดิน) กำลังจะอ้าปากพูดเนี่ยแหละคะ ขาพี่แกก้าวลงน้ำมาแล้ว ทุ่มตัวสุดๆ (รู้สึกผิดในใจ) รองเท้าผ้าใบจมเกือบมิดเลยคะ มันต้องอับไปทั้งวันแน่ๆเลย พอถึงที่ เราก็ยกมือไหว้ขอบคุณ พี่พนักงานยกมือรับไหว้ บอกไม่เป็นอะไรครับ แต่รองเท้าพี่แก แฉะเลย ซึ้งใจมากๆ",5,"Because we are sick And had to be admitted at Siriraj Hospital for many years. Visiting this hospital often made him notice that The personnel here are very quality. Really excellent level Impressed since Security guard The staff moved patients, nurses until the doctors were really impressed with everything. Today I intend to write this thread. To encourage everyone who works in Siriraj

Security guard
We noticed that he also inspected the building. Walked around the building Security is very good. When crossing a road, pedestrians are bigger than cars. And the largest wheelchair is that if there is a wheelchair, it will cross Always wave for the car to stop first.

Patient transfer staff
It is another unit that was most grateful yesterday. We ourselves have to take a wheelchair. It rains. We ourselves will go from the Siam Min building to the cafeteria. Then have to push the mother to the staff enough to see He rushed in and asked where he was going. When he arrived at the cafeteria, there was water from the rain. We saw and said that You can send it here. I will walk by myself (with a walking stick). I am about to open my mouth. His legs have been stepping down in the water and threw himself in the air (feeling guilty). The sneakers almost sunk. It must definitely be misfortune all day, until we raise our hands to pay respect The staff members raised their hands. I said nothing But your shoes are so wet, it is very touching"
"ไปพบคุณหมอที่ศิริราชแผนกจิตเวชเป็นคลินิกพิเศษนอกเวลา คุณหมอเก่งมากๆ พูดจาดี ใจดีมากๆ 
พยาบาลก็น่ารัก สอบถามเรื่องอะไรก็ตอบอย่างละเอียด ไม่เหวี่ยงไม่วีนเลยค่ะ
สถานที่ก็ดีค่ะ สะดวกสบาย ทางรพ.จัดได้เป็นระบบระเบียบ  สามารถนัดเวลาไปพบคุณหมอได้ค่ะ รอไม่นานเพราะไปตามเวลาที่นัด ถึงจะเป็นคลินิกพิเศษนอกเวลา แต่ค่าหมอไม่แพงเลยค่ะ ค่ายารักษาราคาจะอยู่ที่ยาแต่ละตัวที่คุณหมอจ่ายค่ะ โดยรวมแล้วดีมากค่ะ",5,"Seeing the doctor at Siriraj, the psychiatric department, is a special part-time clinic. The doctor is very good, speaks very well, very kind.
The nurse is cute. Inquire about anything, answer in detail No hurling, no ween.
Pleasant location, convenient, hospital, organized in a systematic way. Able to make an appointment to see a doctor Waiting for not long because of the appointment time Even though it is a part-time clinic But the doctor's fee is not expensive The cost of treatment is the price of each drug that the doctor pays. Overall it's very good."
โรงบาลศิริราช ถือว่าดีอำดับต้นๆของประเทศเลบ หมอบริการดี พูดจาดี รักโรงบาลนี้สุด เพราะเคยไปใช้บริการมาหลายครั้ง พยาบาลพูดจาเป็นกันเอง เข้าใจผู้ป่วย ไม่รอนาน ไม่มีโรงบาลไหนดีเท่านี้แล้วละครับ ผมเคยไปนอนที่โรงบาลนี้ เหมือนปลายปีก่อน ตอนนั้นไปติดหวัดจสกการไปเที่ยวต่างประเทศ กลับมาเป็นไข้หวักหนัก เลยแอดมิทที่ฌรงพยายาบนี้ ค่าใช้จ่ายไม่แพง ดีกว่าเอกชนไปอีก,5,"Siriraj Hospital Considered the top rank in the country. Doctor, good service, good talk, love this hospital the most. Because I've used the service many times Nurses speak friendly Understand that patients don't wait as long as there aren't any hospitals as good as this. I used to go to sleep in this hospital. Like at the end of last year At the time, I was caught in a cold, traveling abroad. Came back with a fever So the admin at this drug Expense Better than private"
"กำลังรักษากับหมอหนังศรีษะที่โรงพยาบาลแผนกผิวหนังชั้น 4 ตึกผู้ป่วยนอก ดีมากค่ะให้การรักษาที่ได้รับผลกระทบน้อยที่สุด เคยรักษาที่โรงพยาบาลอื่นแต่ก็กังวลกับผลข้างเคียงตลอดเลย

แนะนำให้ไปในเวลาก็ได้ถ้าสามารถไปได้ในวันธรรมดาเพราะค่ารักษาจะถูกกว่าคลินิกพิเศษ ส่วนตัวเคยไปทั้งสองคลินิกแล้วให้การรักษาดีทั้งคู่

คิวของที่ศิริราชไม่ได้รอนานถ้าเราไปตามวันเวลาที่นัดสำหรับผู้ป่วยใหม่นั้นแนะนำ
1.ให้เสียเวลาวันหนึ่งไปทำบัตรผู้ป่วยก่อน ชั้น 1 แต่จำตึกไม่ได้เสร็จแล้วก็ทำการนัดคิว
2.ให้มาตามคิวที่นัดได้เลย
3.พอตรวจเสร็จก็จะมีการทำนัดครั้งถัดไป",5,"Healing with the scalp doctor at the hospital, skin department, 4th floor, outpatient building. Very good. Gives the treatment that is least affected. I used to treat at other hospitals but always worried about the side effects.

It is advisable to go on time if you can go on weekdays, because the treatment fee will be cheaper than a special clinic. Personally, I have been to both clinics and have good treatment for both.

The queue at Siriraj didn't have to wait too long. If we go by date, the appointment for new patients is suggested.
1. Wasting one day going to get the patient card first, 1st floor, but do not remember the building, then make an appointment queue
2. Can follow the appointment queue
3. Once the examination is complete, the next appointment will be made."
บริการดีมาก ตอนแรกได้ยินคำร่ำลือมาว่ารอนานมาก แต่พอไปจริงๆ ทุกอย่างเป็นระบบมาก คือไม่ได้รอนานอะไรเลย หรืออาจจะเป็นเพราะเราไปคลินิคนอกเวลา ^^ ส่วนในเรื่องของการรักษาโอเคมากคะ ขนาดเรารู้ว่าเราเป็นอะไร แต่ตั้งใจไปที่นี่ครั้งแรกเพื่อที่จะเริ่มตรวจใหม่ทั้งหมด แจ้งอาการไปคุณหมอเหมือนทราบทันที  ทีนี้แต่รอผลเลือดยืนยันเท่านั้น,5,"The service was very good. At first I heard a rumor saying that I waited for a long time, but when I actually went, everything was very systematic. Meaning that I haven't waited for a long time Or maybe because we go to a clinic part-time ^^ As for the treatment, it's ok. Even though we know what we are But intend to go here first in order to start the whole examination again Immediately report the symptoms to the doctor as if they were informed Now, only waiting for the blood test to confirm"
เป็นโรงพยาบาลที่ดีมากค่ะบริการดีหมอดีมากๆค่ะ คือวันที่ฉันไปตอนเช้าค่ะ มีการบริการที่ดีมากจองคิวได้ไวมากค่ะ โรงพยาบาลทำให้เรารู้สึกปลอดภัยที่จะมารักษาโรคค่ะ พาพบกับคุณหมอคือคุณหมอที่นั้นใจดีมากค่ะแนะนำให้คำปรึกษาเราละเอียดดีมากและที่สำคัญรักษาโรคได้เชี่ยวชาญมากเป็นคุณหมอที่ดีมากๆทุกคนเลยค่ะ ตอนบริการจ่ายยาก็รอไม่นานค่ะ ในตัวโรงพยาบาลกว้างขว้างมากมีห้องพิเศษรองรับคนไข้เยอะมากค่ะ,5,"The hospital is very good. The service is good. The doctor is very good. Is the day I went in the morning The service is very good. Book the queue very quickly. The hospital made us feel safe to come to treat the disease. Meet the doctor, the doctor is very kind, advise to advise us very well, and most importantly, treat the disease very expertly, everyone is a very good doctor. The drug dispensing service didn't wait long. The hospital is very wide and has a special room to accommodate a lot of patients."
มาหาหมอจิตแพทย์ครั้งแรกที่นี้ ประทับใจการดูและและพูดของคุณหมอมาก ขอบคุณพยาบาลและเจ้าหาที่ทุกคนค่ะ กล้าบอกเลยว่าค่อนข้างกลัวเพราะระแวง ยิ่งอ่านรีวิวยิ่งกลัวเกี่ยวกับการเข้าพบจิตแพทย์ กลัวโดนด่า กลัวโดนติ กลัวคนขึ้นเสียงใส่ แต่คุณหมอสุภาพมาก และกำชับว่าที่เราเป็นมีทางรักษาให้หายได้ ขอบคุณกำลังใจและสติดีๆจากคุณหมอของศิริราชด้วยค่ะ ไปโรงพยาบาลอื่นจะเดินทางงงกับตึกต่างๆ แต่ทาง รพ.ศิริราชมีการจัดการระบบต่างๆ และตึกต่างๆทำให้เดินหาสถานที่ได้โดยไม่ต้องเสียเวลามากด้วยค่ะ,5,"Came to see a psychiatrist for the first time here Very impressed with the view and talk of the doctor Thank you to the nurse and the owner. Dare to say that I am quite scared because of jealousy The more I read the reviews, the more afraid of going to see a psychiatrist, being scared of being scared, being criticized for being scared of people But the doctor is very polite And reiterated that I am able to be healed Thank you for the encouragement and good consciousness from Siriraj's doctors. Going to other hospitals will be confused with various buildings, but Siriraj Hospital has managed various systems. And various buildings, allowing to find a place without wasting much time too"
โรงพยาบาลศิริราชเป็นโรงพยาบาลขนาดใหญ่ระดับต้นของประเทศ และมีคนไข้ไปรักษาที่นี่เยอะมากๆ เพราะวินิจฉัยโรคได้แม่นยำ และศักยภาพในการรักษาที่เพียบพร้อม คุณหมอใจดีมากๆ ทั้งที่คนไข้แต่ละวันมีจำนวนมาก แต่จากการวางระบบต่างๆที่ยอดเยี่ยม ทำให้ไม่เกิดความสับสนต่อคนไข้ และสะดวก รวดเร็วมาก ตั้งแต่ขั้นตอนการทำบัตร จนกระทั่งรอคิว และได้เข้าพบแพทย์ สามารถทำบัตรผู้ป่วยออนไลน์ได้ และยังสามารถนัดตรวจคลินิกพิเศษออนไลน์ได้ด้วย ประทับใจมากๆ,5,Siriraj Hospital is the first large hospital in the country. And there are a lot of patients going to treat here. Because the disease is diagnosed precisely And complete treatment potential The doctor is very kind. Despite the many daily patients But from the various systems that are excellent Not causing confusion to patients and very fast since the card processing step Until waiting for the queue And went to see a doctor Able to make patient cards online And can also schedule an appointment for a special clinic online. Very impressed
คุณหมอเข้าของไข้ผ่าตัดดี แต่นศพ ดึงสายเลือดออก จึงต้องทำให้ผ่ารอบสอง ต้องโทรหาอาจารย์ตลอดการผ่า รอดตายมาได้ จนทำให้คอเป็นถึงทุกวันนี้ คอยึด คอตึง กลืนยาเม็ดใหญ่ไม่ได้ พยาบาลแผนกคอนิสัยน่ารักแต่แผนงรังสี หมอดีค่ะ ให้คำปรึกษาดี ทุกอย่างโอเคหมด แย่ตรงผ่าคอรอบสองครั้งนั้นค่ะ จนเป็นปีแล้ว คอก็ไม่ดีขึ้นค่ะ,1,"The doctor entered the fever, the surgery was good but the body pulled the blood cord out. Therefore having to make a second round Have to call the teacher throughout the survival to the point that the neck is to this day. Nurse department, cute habits, but the radiation plan, the doctor is good, good advice Everything is ok Poor in cutting the neck twice that time. Until a year ago, the neck didn't get any better."
หมอสามารถให้คำปรึกษาได้ดีมาก ติดตามอาการการรักษาตลอด ไปหาหมอด้วยอาการปวดข้อเข่า หมอสามารถให้คำปรึกษาได้ดีมาก ติดตามอาการการรักษาตลอด ไปหาหมอด้วยอาการปวดข้อเข่า หมอสามารถให้คำปรึกษาได้ดีมาก ติดตามอาการการรักษาตลอด ไปหาหมอด้วยอาการปวดข้อเข่า หมอสามารถให้คำปรึกษาได้ดีมาก ติดตามอาการการรักษาตลอด ไปหาหมอด้วยอาการปวดข้อเข่า,5,The doctor is very good at giving advice. Follow-up on treatment Go to the doctor with knee joint pain The doctor is very good at giving advice. Follow-up on treatment Go to the doctor with knee joint pain The doctor is very good at giving advice. Follow-up on treatment Go to the doctor with knee joint pain The doctor is very good at giving advice. Follow-up on treatment Go to the doctor with knee joint pain
"อาการนิ้วมือ นิ้วเท้า ชา ตลอดเวลา มกมากกว่า 1 ปี เคยรักษาแบบเวชศ่สตร์ฟื้นฟูกฌดีขึ้นเป็นพักๆ แล้วก็กลับมาเป็นอีก แรกๆนึกว่าเป็นเพราะหมอนรองกระดูกที้คอ และหลังเสื่อม จึงเป็รสาเหตุให้ชา แต่คุณหมอเวขศาสตร์บอกว่ายังไม่น่าใช่ ให้ลองพบหมอ neuro ดูก่อน
คุณหมอ neuro ตรวจแล้ว พยว่าเส้นประสาทอักเสยเล็กน้อย ให้ทานสิตามินบำรุงแก้ชา",4,"The symptoms of finger, toe, numb all the time, more than 1 year. Have used healing medicine to improve periodically. And then come back again At first thought it was due to the neck pillow And after deterioration Therefore causing numbness But Dr. Weakat Science says it's still not worth trying to see a neurologist
The neuro doctor examined and said that the nerves were slightly To eat, eat, nourish, cure tea"
ไปผ่าตัดเนื้อบอกในสมองเมื่อปี 2546 หมอทำให้ดิฉันเดินไม่ได้มาจนปัจจุบันเป็นเวลา 15 ปีแล้ว ซึ่งน้าชายของดิฉันก็จบแพทย์จากที่ศิริราชแล้วหมอที่ผ่าตัดให้ดิฉันก็จบหลังน้าชายของดิฉันอีกทำให้ดิฉันผิดหวังกับการรักษาในครั้งนี้มากๆเลยค่ะซึ่งครอบครัวฉันก็ไม่ได้มีฐานะอะไรมากมายเลยตาเป็นข้าราชการบำนาญยายเป็นแม่บ้าน,1,"In 2003, the doctor made me unable to walk until now. For 15 years, my aunt had graduated from Siriraj, and the doctor who had surgery for me had finished after my aunt. I am very disappointed with this treatment, which my family does not have a lot of status at all. My eyes are civil servants, pensioners, grandmothers, housewives."
วันนี้ไปหาหมอศิริราช พอดีมีไข้ขึ้นสูง ไอจนเจ็บขึ้นสมอง อ่อนเพลียมาก ไอจนเจ็บหน้าอก ท้องเสีย ไข้ขึ้น ตอนแรกพยาบาล(เสื้อสีฟ้า)ที่อยู่ตรงยื่นบัตรเค้าบอกว่าไม่มีคิวให้คนไข้มาแจ้งตรงพยาบาลคัดกรองด้านหน้าสุดของตึก ย้ำ(พยาบาลที่อยู่หน้าสุด ตรงประชาสัมพันธ์) เราเดินมาเจอพยาบาลคนแรกเค้าก็เลยบอกว่าต้องรอรถเพราะถ้าเราไม่ไหวก็ต้องรอรถ จนเค้าคุยกับพยาบาลคนที่สองคนที่สองถามอีกครั้งว่าเป็นอะไร เราก็บอกเค้าบอกอาการไปอีกครั้ง พยาบาลบอกว่าเพราะไอใช่ไหมก็เลยเจ็บ เราก็บอกว่า เรามีไข้ขึ้นมาก อ่อนเพลีย ยืนจนไม่ไหวแล้ว พยาบาลคนนี้ก็บอกว่าเพราะไอเยอะมันก็เจ็บหน้าอก พยาบาลแจ้งว่าคนไข้ไอแล้วเจ็บมันเป็นเรื่องปกติ (คนนี้พูดไม่ดีเลย ไม่ดีเลยตะคอกใส่อีก แล้วพยาบาลก็พยายามบอกว่าไม่รู้มีคิวไหม) จนเรารอไม่ไหวก็เลยตัดสินใจไปร.พ.เอกชน สรุปว่าคือเราเป็นไข้หวัดใหญ่ สายพันธ์ A แค่อยากจะบอกพยาบาลว่า ถ้าเราไม่ป่วยเราคงไม่ไปร.พ.หรอก แล้วคำพูดที่ตะคอกใส่คนไข้อ่ะ มันไม่โอเค เพราะเค้าป่วยเค้าก็ไม่โอเคแล้วคุณเป็นพยาบาลอ่ะคุณมาพูดไม่ดีใส่เค้าอีกอ่ะ มันไม่โอเคค่ะ กับพยาบาลด้านหน้าตึกตรงประชาสัมพันธ์,3,"Today went to see Siriraj With a high fever Coughing until the pain hurts, the brain is very tired, coughing up the chest pain, diarrhea, fever. At first, the nurse (blue shirt) that is presenting the card, he said that there is no queue for the patient to inform the nurse to screen at the front of the building. Repeat (the nurse at the front At the public relations) we met the first nurse, so he said that we have to wait for the car because if we can't wait, then we have to wait for the car. Until he talked to the second nurse, the second asked again what was wrong We then told him to tell the symptoms again. The nurse said that because of cough, right? So it hurts. We also say that we have a lot of fever, exhaustion, and can no longer stand. This nurse said that because of a lot of cough, it hurts the chest. The nurse reported that the patient coughs and hurts. It is normal. (This person does not speak well. Not good at all, yelling at him again And the nurse tried to say that there was no queue) until we couldn't wait, so I decided to go to the private hospital. In short, we are A Type A influenza. I just want to tell the nurse that If we don't get sick, we won't go to the hospital. And the words that yelled at the patient, it's not okay because he is sick, he is not okay then you are a nurse, you come to say badly to him again It's not ok With the nurse at the front of the building directly for public relations"
โรงพยาบาลมีคลินิคผู้ป่วยนอก มีคนมาใช้บริการเยอะมาก แต่ผู้ให้บริการ ผู้ช่วยเข็น พยาบาล ก็ปฏิบัติต่อทุกคนเท่าเทียมและเป็นมิตร มีรอยยิ้ม มีการบริการที่ดี ให้คำแนะนำที่ดี ให้คำอธิบายต่างๆด้วยความใส่ใจและช่วยเหลือดีมาก ความประทับใจนี้ทำให้ลืมเรื่องรถติดและคนมากมายไปเลย ที่ประทับใจคือคุณหมอให้เวลากับคนไข้ ให้ความรู้และอธิบายอาการของโรค สอบถามและใส่ใจในอาการของคนไข้ดีมากค่ะ ทำให้คนป่วยมีความรู้สึกสบายใจที่อยากจะมารักษาที่นี่,3,"Outpatient clinic, hospital There are a lot of people using the service. But the nurse assistant service providers treat everyone equally and friendly, have a smile, have good service Give good advice Providing explanations with great care and help. This impression makes me forget about traffic jams and many people. The impression is that the doctor gave the patients time. Give knowledge and explain the symptoms of the disease Ask and pay attention to the patient's condition very well. Makes the sick person feel comfortable wanting to come to treatment here"
เป็นโรงพยาบาลใหญ่ ที่อุปกรณ์ครบครัน เดินทางไปสะดวก คุณหมอและพยาบาลใส่ใจคนไข้ ดูแลดีมากๆ,5,Is a large hospital Fully equipped Convenient to travel The doctors and nurses are very attentive to the patients.
สอบถามค่ะ มีใครจองคิวกับเว็บนี้แล้วได้คิวจริงๆบ้างคะแบบไปแล้วรักาาได้เลย คือกลัวเสียเวลา,5,Inquire. Has anyone booked a queue on this website and actually got a queue? Like already. Afraid of wasting time
โรงพยาบาลมีคลินิคผู้ป่วยนอก มีคนมาใช้บริการเยอะมาก แต่ผู้ให้บริการ ผู้ช่วยเข็น พยาบาล ก็ปฏิบัติต่อทุกคนเท่าเทียมและเป็นมิตร มีรอยยิ้ม มีการบริการที่ดี ให้คำแนะนำที่ดี ให้คำอธิบายต่างๆด้วยความใส่ใจและช่วยเหลือดีมาก ความประทับใจนี้ทำให้ลืมเรื่องรถติดและคนมากมายไปเลย ที่ประทับใจคือคุณหมอให้เวลากับคนไข้ ให้ความรู้และอธิบายอาการของโรค สอบถามและใส่ใจในอาการของคนไข้ดีมากค่ะ ทำให้คนป่วยมีความรู้สึกสบายใจที่อยากจะมารักษาที่นี่,5,"Outpatient clinic, hospital There are a lot of people using the service. But the nurse assistant service providers treat everyone equally and friendly, have a smile, have good service Give good advice Providing explanations with great care and help. This impression makes me forget about traffic jams and many people. The impression is that the doctor gave the patients time. Give knowledge and explain the symptoms of the disease Ask and pay attention to the patient's condition very well. Makes the sick person feel comfortable wanting to come to treatment here"
ดิฉันมีอาการสะอึกไม่หยุดทุกๆครึ่งชม. ตอนกลางคืนแค่รู้สึกตัวตื่น พลิกตัว ก็เกิดอาการสะอึกขึ้นมา และมีอาการไอ ไอรุนแรง จนอ้วก เกิดอาการมา1เดือนแล้ว พอจะมีวิธีรักษามั้ยคะ,4,"I had a hiccup that didn't stop every half hour. At night, just feeling awake and turning over, there was a hiccup and coughing so severe that vomiting had occurred for 1 month. Do you have any treatment methods?"
นั่งคุยปกติไม่มีอาการอะไรอยู่ๆก็ปวดท้องจื้ดขึ้นมาเลยแล้วท้องก็จะเริ่มแข็งขึ้นแล้วเมือนบวมขึ้นๆแล้วจะลุกขึ้นมานั่งไม่ได้พักนึงและเจ็บเป็นมารอบนี้รอบที่2แล้วอ่ะค่ะ,5,"Sitting and talking normally without any symptoms, then the stomach ache rises and then the stomach will start to harden and then, when swelling up and then can rise to sit and not rest for a while and the pain is around this second round. Yes"
หมอกระดูก ห่วยแตก วินิจฉัยโดยไม่ตรวจอาการคนไข้,1,The broken bone doctor diagnosed without checking the patient's condition.
คุณหมอมีความน่ารัก เป็นกันเอง พยาบาลใจดี แม้ว่าจะผิดนัด แล้วคิวคุณหมอยาวมาก ก็ยังสามารถให้วอร์คอินเข้าไปได้ ต้องขอบคุณจริงๆค่ะ,5,"The doctor is cute, friendly, the nurse is kind even if they are in default. And the doctor's queue is very long Still able to walk in Thank you very much"
กาให้บริการและการตรวจรักษาดีมากๆพูดจากับคนไข้ก็ยิ้มแย้ม  ผิดกับโรงพยาบาลรัฐบางแห่ง ตวาดคนไข้ซะไม่อยากไปหาเลย อยู่แถวสามพรานแต่นั่งรถไปหาหมอที่ศิริราชเสียเงินก็ยอมเพราะที่ รพ.ศิริราชบริการคนไข้ดีมากๆ,5,The service and check-up were very good. Speaking to the patients was smiling. Different from some public hospitals Screaming in the patients doesn't want to go at all. Stay in Sampran area but take a car to see the doctor at Siriraj Siriraj Hospital. Patient service is very good.
หนูไปพบหมอจิตแพทย์มาค่ะ หนูเป็นโรคทูเร็ตต์ชนิดรุนแรงต้องใช้ยาบำบัด หนูไปหาหมอที่โรงพยาบาลอื่นมาก่อนแต่ไม่ดีขึ้นทั้งที่ปรับยาไปเยอะมากค่ะ แต่พอมาเจอคุณหมอท่านนี้ หนูรู้สึกว่าหนูสามารถกลับเป็นปกติได้ คุณหมอสอบถามอาการที่เป็นและยาที่เคยใช้ค่ะ แล้วท่านก็วิเคราะห์จากอาการและยาที่เคยใช้ และปรับยาให้ใหม่ค่ะ ซึ่งการปรับยานั้นเป็นที่พอใจสำหรับหนูมากค่ะ ทำให้หนูคิดว่าทำไมไม่มาที่นี่แต่แรก คุณหมอให้ความหวังกับหนูและบอกว่าหนูจะหายเป็นปกติได้ หนูรู้สึกว่ามันต้องหายได้แน่นอน คุณหมอท่านนี้มีอารมณ์ขันมากและเข้าใจวัยรุ่นมากค่ะ หนูคิดว่าถ้าวัยรุ่นที่อยากจะหาหมอจิตแพทย์ก็ควรมาพบกับท่านนี้ดูนะคะ ถึงจะเป็นครั้งแรกที่หนูไปรักษากับท่าน แต่ท่านก็วิเคราะห์ปัญหาและอาการของหนูได้ดีและแม่นยำมากค่ะ,5,"I went to see a psychiatrist. Severe Tourette rats require medication. I went to see a doctor at another hospital before, but it didn't improve despite a lot of medication adjustment. But when he came to see this doctor I feel that I can return to normal. The doctor asked about the symptoms and medications used. Then he analyzed the symptoms and drugs used And adjust the medicine to new The adjustment of the drug is very satisfactory for me. Makes me think about why not come here at first The doctor gave me hope and said that I can get better. I feel that it must be healed for sure. This doctor has a lot of humor and understands teenagers. I think that if a teenager who wants to find a psychiatrist should meet with you. It's the first time I go to treat you. But you can analyze the problems and symptoms of me very well and very accurately"
ประทับใจการรักษาและดูแลคนไข้ของศิริราชมาก ทีมแพทย์และพยาบาล มืออาชีพ ทุกคนน่ารัก เอ็นดูลูกสาวของดิฉัน ให้ความเอาใจใส่เป็นอย่างดี  ขอบคุณที่นี้จากใจจริงๆค่ะ เราจะไม่ลืมเลย,5,"Impressed with the treatment and care of patients of Siriraj. The team of doctors and professional nurses are all lovely, loving to my daughter. Give good attention Thank you for this from the heart. We will never forget"
เนื่องจากไม่เคยไปรับการรักษา ไปครั้งแรก เพราะหมอที่ดูแลอยู่แนะนำไป ก็เลย แบบไม่รู้เรื่อง แต่เจ้าหน้าที่ที่ดูแล ให้การบริการดีมากๆๆๆค่ะ เข้า ชัดเจนทุกขั้นตอน ไม่หงุดหงิดใส่ ดูแลคนไข้ตามลำดับอาการป่วย ตอบข้อสักถามดีมาก ทั้ง ๆ ที่คนก็เยอะ คนไม่เข้าใจก็เยอะ ชอบค่ะ ดีกว่ารพ เอกชนอีก ที่ไม่ค่อยดูแลเราแบบนี้เลย เป็นกำลังใจให้เจ้าหน้าที่ทุกคนเลยนะค่ะ สู้ ๆ,5,"Since I had never been treated for the first time, because the doctor who was in the treatment advised me so I didn't know about it But the staff that looks after Providing very good service, clear in every step. Don't fret Patient care, according to the order of symptoms Answering some very good questions. Even though there are a lot of people, many people do not understand. I like it better than private hospitals that don't take care of us like this. It's encouragement for all the staff. Fight!"
ตั้งแต่เจ้าหน้าที่ รวมไปถึงพยาบาลและหมอ ให้บริการดีมากไม่มีอาการหงุดหงิดหรือแสดงสีหน้าไม่ดีกับคนไข้เลย รักษาดี ช่วยเหลือผู้ป่วยที่ยังช่วยเหลือตัวเองไม่ได้แบบว่าดีเยี่ยมมาก ถ้ามีลูกคนต่อไป จะคลอดที่โรงพยาบาลศิริราชเหมือนเดิม,5,"Since the officer Including nurses and doctors The service is very good, no symptoms of irritability or bad facial expressions to patients, good treatment, helping patients who are still unable to help themselves is excellent. If having next child Will be delivered at Siriraj Hospital as before"
ได้ไปส่องก้ลองตรวจลำไส้ หมอให้ดูภาพภายในำไส้ แย้วทึ่งมาก ประทับใจ คุณหมอแจงรายละเอียดชัดเจน ภายในเป็นแผล หมอซ่อมแซมให้เรียบร้อย,5,"Have examined the intestines The doctor looked at the picture inside the yew filling very impressed, impressed the doctor, clarified the details clearly within the wound, the doctor had already repaired"
หมอเก่ง สามารถหาสาเหตุอาการป่วยของคุณพ่อ และชาวยรักษาได้ดีด้วย,5,Doctor Keng was able to find the cause of his father's illness. And the people treated well too
พยาบาลใจดี,4,Kind nurse
เคยเป็นต่อมน้ำเหลืองอักเสบและภูมิแพ้ แล้วได้รักษาที่ศิริราชของคุณหมอดูแลคนไข้ดีมาก ตรวจหาสาเหตุอย่างละเอียด ตอนเจาะน้ำเหลืองที่คอมาตรวจ มือเบามาก แล้วก็นัดทุกสัปดาห์เพื่อติดตามอาการให้ยาติดต่อกันจนทำให้อาการดีขึ้นค่ะ,5,"Used to be inflamed and allergic lymph nodes And treated at Siriraj, the doctor looked after the patients very well Investigate the cause thoroughly When examining the lymphatic glands on the neck, check your hands very lightly, then make an appointment every week to monitor the symptoms, give the drug continuously until the symptoms improve."
เจ้าหน้าที่ตอบทุกคำถามแม้ผู้ป่วยจะเยอะแค่ใหน,5,"Staff answer all questions, even how many patients"
ต้องช่วยตัวเองทุกอย่าง ตั้งแต่เดินเอกสาร จนถึง จองห้องพักก็ต้องทำเอง เข้าใจว่าเป็น รพ รัฐ แต่ก็น่าจะมีการจัดการที่เป็นระบบมากกว่านี้,3,"Must help yourself with everything From the document processing until booking the room, must do by yourself Understood that it was a government, but there should be more systematic management"
พยาบาลดูแลดีมากทั้งการพูดการจาไม่แบ่งชนชั้น,5,"The nurses are very caring, speaking, memorizing, not dividing the class."
ประสบการคือ วันนั้นเป็นวันที่23ตุลาคม ชึ่งวันนั้นเราปวดท้องคลอดลูกมาก ก้อเอาเราไปนอนรอที่เตียงเข้าน้ำเกลือ ฉีดยาเร็งคลอด ทิ้งเรานอนไว้ที่เตียง แล้วพยาบาลไปนั่งเล่นมือถือ พอได้1ชั่งโมงผ่านไปเราเลยเรียก พยาบาลคะหนูอยากเบ่งคลอดค่ะ ก็ไม่สนใจ เล่นมือถือต่อ พออีก5นาทีต่อมา เราเลยตะโตนบอกหมอว่า ไม่ไหวแล้วค่ะ จะคลอดแล้ว จนกระทั่งลูกหลุดออกมาทั้งตัว หมอพยาบาลค่อยวิ่งมา....รับลูกเราที่คลอด ...ไม่อยากให้เกิดขึ้นอีกนะคะ อยากให้สนใจคนไข้มากกว่านี้,3,"Experience was that day on October 23 So that day, we had a very severe stomach ache. So took us to lie down and waited at the bed in salt water Injections Leaving us to sleep in the bed Then the nurse went to sit on the phone After 1 hour, we called Nurse, I want to give birth. I'm not interested in playing with mobile phones. After 5 minutes later I therefore told the doctor that Can't do anymore, will give birth until the baby comes out whole body Doctors and nurses gradually ran to come .... to pick up our baby who was born. ... don't want that to happen again Would like to be more interested in patients"
จำนวนแพทย์ไม่เพียงพอ รอนานมาก พอได้พบแพทย์พูดจาฮ่วนๆ หน้าตาไร้อารมณ์ในการให้บริหาร คิดบวกคือแกคงเหนื่อย,3,Insufficient number of doctors. Waiting for a long time. Enough to see a doctor. Expressionless face in administration Positive thinking is that you are probably tired.
คุณหมอเก่งมาก ใส่ใจรายละเอียด แต่ที่เข้ารักษาเป็นคลีนิคพิเศษ ทำงานใกล้เคียงกับเอกชน,5,The doctor is very good. Pay attention to details But who was treated as a special clinic Work closely with private
ผมเริ่มการรักษาที่โรงพยาบาลแห่งนี้มา 6 ปี ต่อเนื่อง เนื่องจากเป็นโรคไวรัสตับเอ็กเสบบี การเข้ารักษาในครั้งแรกก็ดูจะยุ่งยาก และใช้เวลาอย่างมาก เนื่องจากเป็นคนไข้ใหม่ แต่หลังจากนั้นเมื่อมีใบนัดครั้งต่อไปแล้ว ก็ไม่นานเท่าไหร่ มีคลีนิคนอกเวลาสำหรับนัดคุณหมอประจำที่ตรวจ ถ้าไม่สะดวกมาในเวลาทำการด้วย รักษาดูอาการอยู่หลายปี ค่าไวรัส ค่าตับอักเสบก็ลดลง แต่ก็มีภาวะตับแข็ง เนื่องจากใช้ชีวิตก่อนรักษาไม่ดูแลตัวเองประมาท เสี่ยง คุณหมอดูแลดีมาก คอยหมั่นให้อัลตร้าซาวล์ดูเนื้อตับ จนกุมภาพันธ์ปี 2516 ก็พบว่ามีก้อนที่เนื้อตับ ทำ MRI หมอวินิจฉัยว่าเป็นมะเร็ง ผมเคยถามหมอว่าถ้าเป็นมะเร็งแล้วไง ผมก็ต้องตายไม่ใช่เหรอ หมอบอกรักษาได้ถ้ารู้เร็วตัดออกได้ คุณหมอที่ดูแลเรื่องตับส่งผมไปหาหมอผ่าตัด โดยรีบนัด หมอผ่าตัดวินิจฉัย แล้วอธิบายวิธีรักษาให้ผมอย่างละเอียด โดยส่งต่อให้หมอรังสีเริ่มทำในขั้นตอนแรก คือให้คีโมที่ก้อนเนื้อ เพื่อยับยั้งการจะเจริญเติบโตของมัน ทางแพทย์รังสีดูจาก MRI ของผม สนใจในตัวก้อนเนื้อ เพราะมันดูไม่เหมือนเซลมะเร็ง เลยขอตัดก้อนเนื้อนั้นไปตรวจ ประกฎว่าใช่แหละ แต่ำม่ใช่มะเร็งที่เกิดจากเนื้อตับ แต่เป็นมะเร็งท่อน้ำดีในตับ การทำงานขั้นต่อมาแพทย์รังสี นัดผมมาอุดหลอดเลือดดำที่ตับข้างขวาที่มีก้อนเนื้อ เผื่อให้มันฝ่อ หลังจากนั้นผมบำรุงด้วยโปรตีนเยอะมาก เพื่อให้ตับโตขึ้นในข้างที่ไม่มีก้อนเนื้อ เผื่อพร้อมสำหรับผ่าตัด หลังจากหนึ่งเดือนผ่านไป คุณหมอศัลย์มาเช็คขนาดตับผม มันก็โตขึ้นพอสมควร คุณหมอก็นัดผ่าตัด ก่อนการผ่าตัดผมกลัวมาก แต่หลังจากเข้ารับการผ่าตัด เหมือนไม่มีอะไรเกิดขึ้น คุณหมอตัดตับผมไป 60% ตามคำบอกของคุณหมอ แต่ผมก็ไม่ได้มีอาการอะไรยังสามารถใช้ชีวิตอยู่ได้ดี แต่ต้องมาติดตามอาการเป็นระยะๆ ต่อมาอีก 4 เดือน พบว่ามะเร็งได้กระจายมาที่ต่อมน้ำเหลืองในช่องท้อง จากการตรวจติดตาม ทางหมอศัลย์บอกว่าต้องให้คีโม เลยส่งตัวไปหาหมอเคมียำบัด หมอเคมีบำบัดอธิบายขั้นตอนและวิธีการรักษา ในขั้นนี้เราจะรักษาไม่หายนะครับ เป็นเป็นการทำให้อาการสงบ เซลล์มะเร็งไม่รุกราม ไม่เติบโต ตอนนี้ผมให้คีโมต่อเนื่องกันมา 4 ครั้ง โดยให้ติดกัน 2 อาทิตย์ เว้น 1 อาทิตย์ แล้วก็ติดกันอีก 2 อาทิตย์ รวมทั้งหมด 12 ครั้ง เท่ากับ 6 เข็ม คุณหมอบอกว่าการที่ให้ 2 อาทิตย์เท่ากับ 1 เข็ม มันจะช่วยไม่ให้หนักเกินไปสำหรับผม เพราะตัวยามันแรง ผ่านไป 4 ครั้งโชคดีที่ผมไม่มีอาการแพ้ ไม่อาเจียน ทานได้ มีมึนๆนิดหน่อย โดยรวมโอเค ไม่เคยท้อ เชื่อมั่นในแพทย์ที่รักษา และการให้คำแนะนำ พยาบาลเอาใจใส่ดีทุกครั้งที่มานอนโรงพยาบาล ถามตอบในทุกข้อสงสัย ผมจะขอผลเลือดมาดูค่าตับ ค่ามะเร็ง ค่าไต ค่าเลือดต่าง โดยให้พยาบาลอธิบายให้ฟัง เนื่องจากต้องการดูสภาพร่างกายโดยตลอด ขอบคุณคุณหมอและพยาบาลที่นี่ที่ทำให้ผมมั่นใจในการรักษา ไม่ท้อ,5,"I started treatment at this hospital for 6 years continuously due to liver disease. The treatment for the first time seems complicated. And spend a lot of time Due to being a new patient But after that, when having the next appointment Not so long There is a part-time clinic for appointment by the regular doctor who inspects. If it is not convenient to come during working hours as well Symptomatic treatment for many years, the cost of hepatitis is reduced. But has cirrhosis Because living life before treatment, not taking care of oneself, negligence, risk, the doctor take very good care Keeping the ultrasound on the liver Until February 1973, it was found that a lump in the liver was made by an MRI. The doctor diagnosed with cancer. I used to ask the doctor if cancer has occurred I must die, no? The doctor can tell if the treatment can be done quickly. The doctor who was in charge of the liver sent me to the surgeon by rushing to make a diagnosis. And explain the treatment methods to me in detail By referring to the Radiologist to start the first step Meaning the chemo in the lump To inhibit its growth Radiotherapy. My MRI is interested in the lump. Because it doesn't look like cancer cells Therefore asked to cut the meat for inspection Rule that is right But not liver cancer But have bile duct cancer in the liver Next work, radiologist Appoint me to fill a vein in the right liver that has a lump. In case of it atrophy After that, I nourish with a lot of protein. For the liver to grow on the side that does not have a lump Ready for surgery After one month has passed The doctor examined my liver size. It has grown up fairly. The doctor also made an appointment for surgery. Before the surgery, I was very scared. But after undergoing surgery Like nothing happened The doctor cut my liver by 60%, according to the doctor's instructions. But I don't have any symptoms, still can live well But have to follow-up periodically for the next 4 months. Found that the cancer has spread to the lymph nodes in the abdomen From the inspection The doctor said that chemotherapy must be performed. Therefore sent him to the chemist for treatment The chemotherapy doctor explains the procedures and methods of treatment. At this stage, we will treat it as a disaster. It is to calm the symptoms Cancer cells do not invade the tumor does not grow. Now, I gave chemo continuously for 4 consecutive weeks for 2 weeks, except for 1 week and then for another 2 weeks for a total of 12 times, equal to 6 needles. The doctor said that giving 2 A week is equal to 1 needle. It helps to not be too heavy for me. Because the drug is strong, passed 4 times. Fortunately, I have no allergies, do not vomit, eat, have a little numbness. Overall, okay, never discouraged, believe in the doctor who treats. And giving advice Nurses are attentive and attentive every time they come to stay in the hospital. Question and answer for all questions I will ask for blood results to look at the liver, cancer, kidney and blood values, with the nurse to explain. Because he always wants to look at his physical condition Thank you to the doctors and nurses here for making me confident in my treatment."
คือ ผ่าคลอดคุณหมอคุณพยาบาล ดูแลดีมากค่ะ,4,The cesarean section was very good.
ไปหาหมอเนื่องจากฮอร์โมนไม่ปกติ ตอนแรกคิดว่าศิริราชจะต้องรอนานมากๆเนื่องจากใช้สิทธิ์บัตรทองแต่ปรากฎคือเดี๋ยวนี้โรงพยาบาลพัฒนาระบบดีมากๆ รอไม่ถึงชั่วโมงได้พบคุณหมอและรับยาภายในสามสิบนาทีหลังตรวจเสร็จ คุณหมอเก่งและให้คำแนะนำอย่างดี พยาบาลและเจ้าหน้าที่ให้การบริการและความช่วยเหลืออย่างเป็นระบบ ดีมากๆค่า ตอนแรกคิดว่าไปรักษาบัตรทองจะต้องรอทั้งวันและเจอบริการไม่ดี ศิริราชสมัยนี้ลบล้างความเชื่อเก่าๆได้อย่างหมดจรดค่ะ,5,"Go to the doctor because hormones are not normal. At first I thought that Siriraj had to wait a long time because of the privilege of using the gold card, but it appears that now the hospital has developed a very good system. Wait less than an hour to see a doctor and receive medication within thirty minutes after the examination. The doctor is good and gives good advice. Nurse and staff provide service and help in a very good system. At first, I think that going to maintain a gold card will have to wait all day and encounter poor service. Siriraj today completely eradicates old beliefs."
โรงพยาบาลที่มีคนไข้มากที่สุด แต่กลับปฏิบัติกับคนไข้ทุกคนอย่างดีที่สุด ถึงแม้คนไข้จะเยอะแค่ไหน พยาบาลและคุณหมอก้อไม่เคยละเลยคนไข้ และปฏิบัติกับทุกคนในมาตรฐานเดียวกัน ตรวจละเอียดเหมือนกัน สอบถามประวัติเหมือนกัน ไม่เคยผ่านเลยจุดใดจุดหนึ่งไป ใส่ใจในทุกรายละเอียด ศรัทธาแพทย์ พยาบาล และพนักงานทั้งหมดในโรงพยาบาลนี้ค่ะ,5,"Hospitals with the most patients But treats every patient to the best Although how many patients Nurses and doctors never neglect patients. And treat everyone in the same standard Check the same Ask for the same history. Never passed any point Paying attention to every detail, faith, doctors, nurses and all staff in this hospital."
เจ้าหน้าที่ประกันสังคมบริการดีมาก น่ารักใจดี พยาบาลสวย ใจดีทุกคน ห้องแอร์ก็เย็น คิดว่านอนโรงแรม555 ส่วนตัวผมชอบมาก บริการทุกระดับประทับใจต้องศิริราช รอตรวจรอผลเลือด สรุปเป็น ลำไส้อักเสบ นอนไปครึ่งวันกลับบ้านได้,5,"Social Security Officer, very good service, lovely, kind, beautiful nurse, kind person everyone, the air-conditioned room is also cool. I think I sleep in a hotel. 555 Personally, I like very much. Impressive service at all levels, must Siriraj Waiting to check the blood results. Summary. Inflammatory bowel. Lie half a day back home."
คุณแม่ ต้องตรวจจากแพทย์หลายท่าน และแต่ละท่านไม่เชื่อมโยงข้อมูลกัน ทำให้ต้องไป รพ ตามนัด หลายครั้งมากครับ,2,"Mothers have to check from many doctors. And each of you is not linked to each other, causing many hospital appointments"
ได้เข้าพบคุณหมอแผนกนรีเวชที่รพ.ศิริราชค่ะ เป็นการตรวจ follow up (ติดตามผล) ในเรื่องของเยื่อบุมดลูกเจริญผิดที่ ท่านเป็นอาจารย์หมอแพทย์หญิงที่น่ารักมากๆเลยค่ะ ท่านยิ้มแย้มเป็นมิตร ซักประวัติเราด้วยความอ่อนโยนต่อผู้ป่วย บอกเราว่าที่เราเป็นโรคนี้ต้องรักษาแบบนี้นะคะ พร้อมทั้งแนะนำว่าต้องปฏิบัติตัวยังไง อาจารย์ท่านอธิบายอย่างละเอียดให้กับเรา ทำให้เรารู้สึกปลอดภัยและอบอุ่นหัวใจมากๆเลยค่ะ และที่สำคัญท่านสอนนักศึกษาแพทย์โดยใช้เคสของเราด้วย ดูท่านอธิบายให้นักศึกษาแพทย์ฟังแล้วท่านทั้งเก่งมากและเมตตาทั้งคนไข้และนักเรียน สัมผัสได้เหมือนกับเจอคนที่ไว้ใจได้มากที่สุด เพราะปกติแล้วการตรวจทางนรีเวชเป็นเรื่องละเอียดอ่อนมากๆ เข้าถึงใจผู้ป่วยอย่างลึกซึ้ง ประทับใจมากๆเลยค่ะ :),5,"Had a visit to the gynecologist department at Siriraj Hospital. It was a follow-up check on the progress of the lining of the uterus. You are a lovely female doctor doctor. He was smiling friendly. Wash our history with tenderness to the patient Tell us that we have this disease, must treat like this And advise on how to act Master explained in detail to us. Makes us feel very safe and warm And most importantly, you teach medical students using our cases too When he explained to the medical students, he was very smart and kind to both the patients and the students. Feeling like meeting the most trusted person Because gynecological examination is normally very sensitive. Deeply reaching the hearts of patients Very impressed :)"
สะอาด บริการดีค่ะ,4,"Clean, good service"
ปกติจะเขียนรีวิวเกี่ยวกับเหตุการณ์ที่เกิดขึ้นจริงกับตัวเอง ที่เลือกโรงพยาบาลศิริราช ทำให้ฉันได้เปลี่ยนชีวิตใหม่ เมื่อก่อนตอนสมัย ปวช ดิฉันเป็นสิว คลีนิกที่ว่าดังไปหมด เมื่อใช้ครีมเค้า รักษากับเค้าก็ดีแต่พอยาหมด ครีมหมดก็เป็นสิวเหมือนเดิม มีคนแนะนำให้ไปรักษาที่ศิริราช แผนกโรคผิวหนัง นอกเวลา ครั้งแรกที่ไปก็กลัวๆ กล้าๆๆ แต่เมื่อได้พบกับหมอ หมอแนะนำดีมาก ดิฉันไปรักษาตามหมอ 3 ครั้ง หน้าดีขึ้นมาก มีแต่คนทัก หลังจากนั้นก็หายไม่ได้ไปหาหมออีกเลย,5,"Usually write a review about the actual incident to myself. Selected Siriraj Hospital Causing me to change my life In the past, when I was in vocational school, I had acne which was all famous. When using the cream Keeping with him is good, but once the medicine runs out All creams are acne. Someone suggested to go to Siriraj for treatment. The skin department, outside of the first time, was afraid. But when meeting with a doctor The doctor recommended very well. I went to see a doctor for 3 times. My face improved a lot. I was told that after that I couldn't go to see the doctor again."
คนเยอะมากเพราะเป็นรพ.รัฐ ค่ารักษาถ้าจ่ายเองถูกกว่าเอกชนเล็กน้อย ตรงค่าหมอจะแค่100แต่ค่ายาก็จ่ายเต็ม แต่จัดคิวงง มีใบนัดมาในใบมีเวลานัดชัดเจน แต่พอมารอจริง เรียกก่อนเวลา ถ้าไม่รอตลอดก็จะเลยคิวไป แต่พยาบาลบริการดี มีเจ้าหน้าที่ตามจุด แค่ต้องรอยานานบ้าง,3,"A lot of people because it is a government hospital. Medical expenses if paid by yourself, slightly cheaper than private The doctor fees are only 100 but the medication is paid in full but the queue is confusing. There is an appointment on the card. There is a clear appointment time. But when actually waiting Call ahead If you don't wait all the time, you'll be in the queue. But the nurse service is good. There are staff on the spot. Just have to wait for a long time"
คลีนิคพิเศษ รพ ศิริราช บริการดี จัดระบบ แยกคัดกรองคนไข้ จัดลำดับการเข้าพบแพทย์ได้ดี ทำให้ได้ตรวจเร็ว คนไข้ไม่ต้องรอนานและไม่ตกค้างมาก,5,Special clinic Siriraj Hospital Good service Organized system for screening patients Prioritize visits to doctors Make it faster Patients do not have to wait for a long time and do not have much residue.
ดีค่ะ,4,Good
บริการเป็นเลิศ. ถือประโยชน์ส่วนตนเป็นที่ 2. ดูแลคนไข้เป็นที่ 1,5,Service is excellent. Treats oneself as their personal advantage 2. Care is taken to be the 1st patient
เคยไปรักษาสิวที่โรงพยาบาลศิริราชค่ะ ประทับใจเพราะคุณหมอให้คำแนะนำเป็นอย่างดี  จ่ายยาพอเหมาะ ถ้าหากไม่หมดก็ไม่ต้องซื้อ ใช้ยาตามหมอสั่งแล้วได้ผล ข้อเสีย นัดครั้งแรกต้องล่วงหน้า 1เดือน มาครั้งแรกทำตัวไม่ถูก พยาบาลไม่ค่อยแนะนำ บางครัังรอคิวนานทั้งๆที่มาตามเวลา,4,"Used to go to treat acne at Siriraj Hospital Impressed because the doctor gave good advice. Dispense an appropriate medicine If not all, then do not buy Take medication as prescribed by the doctor. Disadvantages. The first appointment must be 1 month in advance. Nurses rarely recommend Sometimes there is a long queue despite the time."
เมื่อวัาที่28/12/59 ได้เข้าไปตรวจตามนัดของคลินิคนารีเวช นึกไปนึกมาเราก็มีอาการผมร่วงมาสัก 2 ปีกว่า ไปตรวจกับคลินิคผิวหนังดีกว่า ว่าแล้วก็ขึ้นไปลงทะเบียนได้คิวที่60 ซึ่งเป็นคิวสุดท้ายของ อ.หมอ แต่เราขอลงไปตรวจที่นารีเวชก่อน พยาบาลแจ้งว่าประมาณ 1 ทุ่ม ให้กลับขึ้นมาตรวจน่ะ แต่ 1 ทุ่มเราก้อยังรรวจไม่เสร็จ ผลสุดท้ายทั้งพยาบาลและอ.หมอ ก็นั่งรอตรวจให้ค่ะ,5,"On 28/12/2016 Had checked into the appointment of the medical clinic I thought that I had a hair loss for 2 years, better to check with the skin clinic. Then, go up and register for queue 60. Which is the last queue of Teacher Ajarn, but we asked to go to check at Gynecology first The nurse informed us that around 7pm, we'd come back to check up, but 7pm, we didn't finish the survey. The final result, both the nurse and the doctor. Sitting and waiting for inspection"
การวินิจฉันโรคของหมอ เข้าใจว่าหมอเจอคนไข้ที่ป่วยด้วยเป็นโรคมะเร็งและอยู่ในระยะสุดท้ายมาเยอะ ต้องพูดซ้ำแล้วซ้ำอีกทำให้อาจเบื่อที่จะต้องพูดอ้อมโรคกับคนไข้ระยะสุดท้าย แต่ด้วยจรรยาบรรณของหมอก็ไม่ควรพูดเพื่อหยุดการรักษาแล้วบอกว่ารักษาไปก็ไม่หาย ก็ได้ถือว่ารักษาแล้ว ด้วยน้ำเสียงตะคอกและเสียงน้ารำคาญอย่างนั้นกับคนไข้ ควรจะบอกดีๆหรือไม่ก็แจ้งข่าวกับญาติก็ได้ คนไข้ที่รู้ตัวเองมันก็สิ้นหวังพออยู่แล้ว มาเจอหมอพูดแบบนี้จะทำให้คนไข้อยู่ต่อด้วยความสิ้นหวัง คุณชั่งเป็นหมอที่ไร้ความเมตตาเสียจริงๆ ควรปรับปรุงด้านการใช้วาทะในการพูดกับคนไข้เป็นอย่างมาก,1,"Doctor diagnosis Understand that doctors have found patients who are ill with cancer and are in the final stages. Having to speak over and over again makes it boring to say indirectly with the disease to the final patient. But with the doctor's ethics, should not speak to stop the treatment and say that the treatment does not disappear Considered to be treated With shouting sounds and irritating irritations like that to the patients Should be able to tell you well or report the news to relatives Patients who know themselves are hopeless enough. Coming to the doctor to say this will make the patient stay in despair You are really a merciless doctor. Should greatly improve the use of words in speaking with patients"
มานอนโรงพยาบาลศิริราช ห้องพัก ดี แต่ขาดการบริการที่จอดรถ,3,Come to stay at Siriraj Hospital. Rooms are good but lack of parking.
เป็น รพ.รัฐบาลที่ให้บริการอย่างดีเยี่ยม พยาบาลยิ้มแย้มแจ่มใส อาจจะต้องไปเช้าเพื่อได้พบหมอ แต่การรอพบแพทย์ก็ไม่นานจนเกินไป,5,Is a government hospital that provides excellent service A smiling nurse May have to go early to see the doctor But waiting to see a doctor is not too long
ชีวิตมีค่าในบางเวลาไม่อาจรอได้ เวลามารพ.มักจะต้องทำเองบ้างแต่ก็ดีกว่ารอคะ เพราะเวลาของหมอและพยาบาลมีความสำคัญยิ่งในรพ.ใหญ่แล้วถ้วนแต่แลดูวุ่นวายมาก เพราะฉะนั้นอะไรที่เราสามารถช่วยเหลือตัวเองได้ก็ทำได้ ไปจะได้ไม่เป็นภาระแก่บุคคลใครให้เป็นความล่าช้า,5,"Life is precious at times and can't wait. When you come to the hospital, you usually have to do it yourself, but it's better than waiting. Because the time of doctors and nurses is very important in a large hospital, but it looks very chaotic. Therefore, anything that we can help ourselves do Will not be a burden to anyone who gives delay"
หมอให้คำปรึกษากระจ่างดีค่ะ เข้าใจง่าย เจ้าหน้าที่ก็ต้อนรับดีค่ะ พูดจาดี,4,The doctor gave clear advice. Easy to understand. Staff were welcoming. Say good.
พยาบาลดูแลหลังจากคลอดลูกดีมาก บอกและแนะนำดีมากโดยเฉพาะช่วยเหลือเรื่องการให้นมลูกได้ดีจริงๆ ถ้าไม่ได้พยาบาลคอยแนะนำ คอยสอนในทุกเรื่องที่ผู้เป็นแม่ควรทำ เราก็คงทำอะไรไม่เป็นเลย ต้องขอบคุณพยาบาลทุกท่านจริงๆที่ดูแลเราเป็นอย่างดี,4,"The nurse takes good care after giving birth. Told and recommended very well, especially really helping with breastfeeding If not, the nurse will advise To teach everything that a mother should do We wouldn't be able to do anything. Thank you to all the nurses who really looked after us."
จริงๆก็ไม่ได้ไปรับการรักษานะคะ แต่บริจาคเลือดค่ะ พยาบาลและเจ้าหน้าที่น่ารักมากๆ... ตอนบริจาคเลือดเสร็จ แกล้งเป็นลม (ตอนนั้นไปกับเพื่อน จะแกล้งเพื่อนเล่นตรงหน้าลิฟ) เจ้าหน้าที่วิ่งมาจากในห้องบริจาคเลือด มาถามใหญ่เลยว่าเป็นอะไรมั้ย ประทับใจมากเลยค่า,4,"Actually, I didn't go to receive treatment. But donating blood Nurses and staff are so cute ... When the blood donation was complete, pretend to faint (at that time went with a friend To tease friends in front of the lift) staff ran from the blood donation room Come to ask the big question whether it is ok Very impressive"
ให้บริการช้า รคิวนานใสก ไปอย่างต่ำเสับเวลาค่อนวัน แยากฝห้ปรับปรุงเรื่องกานบริการ,2,"The service is slow, the queue is too long, at least the time is quite a day. Please update the service."
หมอเข้าใจลักษณะโรคที่เป็น จ่ายยาตรงโรคกินยา2วันไม่มีอาการ,4,The doctor understands the nature of the disease that is Dispense medicine at the disease. Take medicine for 2 days without symptoms.
ตัวเองได้คลอดก่อนกำหนดที่โรงพยาบาลศิริราชซึ่งไม่เคยคิดว่าโรงพยาบาลรัฐบาลจะบริการได้รวดเร็ว และดีอย่างนี้ เพราะเราเป็นเคทฉุกเฉิน อายุครรภ์25week+5 ตอนแรกจะเข้าไปตรวจเรื่องน้ำคล่ำกับตกขาวเยอะ แต่พอถึงโรงพยาบาลระหว่างจะไปยื่นบัตรน้ำคล่ำไหลออกมาเราก็ตกใจทำไรไม่ถูกเลยเดินไปห้องที่มีเจ้าหน้าที่ยืนอยู่และบอกเค้าว่าน้ำคล่ำไหล แค่นั้นเจ้าหน้าที่รีบหารถเข็นมาให้นั่ง แล้วก็มีเจ้าหน้าที่มาซักประวัติ สักพักก็พาขึ้นไปห้องรอคลอดเพื่อตรวจว่าใช่น้ำคล่ำจริงรึเปล่า คุณหมอทำการตรวจไปซักประวัติไปสรุปเป็นน้ำคล่ำจริงๆเลยต้องนอนรอคลอดเลย ระยะเวลาทั้งหมดรวดเร็วมาก ทุกคนเป็นมืออาชีพใส่ใจคนไข้ ยิ่งกว่าโรงพยาเอกชนซะอีก ทำให้รู้สึกประทับใจมากค่ะ,5,"I was born prematurely at Siriraj Hospital, which I never thought the government hospital would provide quickly. And this good Because we are an emergency Kate Gestational age 25week + 5 At first, will go to check about water mixed with vaginal discharge. But when I arrived at the hospital while I was going to present my card, the water poured out. I was shocked to do nothing. So I went to the room where the staff stood and told him that the water flowed. Just then, the staff hurried to find a wheelchair to sit. And then there is an officer to do a history After a while he was taken to the waiting room to check that it was really watery. The doctor did a thorough examination of the history and concluded that it was really watery so I had to sleep and wait to give birth. The whole duration is very fast. Everyone is professional, caring for patients. Even more than private hospitals Made me very impressed"
แพทย์ พยาบาล บุคคลากรทุกส่วนงานเป็นมืออาชีพมากๆรู้วิธีรับมือกับภาวะวิกฤตต่างๆ รวมถึง ปัญหาส่วนตัวของคนไข้เอง และญาติของคนไข้,5,"Doctors, nurses, personnel, all work are very professional, know how to cope with crises, including personal problems of patients themselves. And the relatives of patients"
ครั้งนี้ไปพบแพทย์ด้วยอาการประจำเดือนมาไม่ปกติ ก่อนไปก็ปรึกษาคนใกล้ตัวว่าควรไปพบแพทย์ที่ไหนดี มีคนบอกว่าให้ไปศิริราช แว่บแรกคือไม่อยากไป รพ.รัฐรอนานเป็นวันๆแน่ ที่จอดรถก็ไม่สะดวก บัตรคนไข้ก็ยังไม่ได้ทำ แต่ปรากฏว่าไม่ใช่อย่างที่คิดไว้เลยค่ะ เราสามารถเข้าไปสมัครบัตรคนไข้ โดยการลงทะเบียนผ่านเว็บไซต์ของโรงพยาบาลได้ เมื่อได้หมายเลข HN มาแล้ว เราก็โทรไปขอนัดคิวเพื่อพบคุณหมอได้เลย เพื่อนแนะนำให้ไปคลินิกนอกเวลา เสียค่ารักษาแพงขึ้นอีกหน่อย แต่เร็ว ก็เลยโทรไปนัดคุณหมอ ที่นี่ระบบเค้าจะดีมากค่ะเมื่อโทรไปพยาบาลจะนัดเวลาและแจ้งคิวให้เราทราบพร้อมกับบอกให้เรามาก่อนเวลาครึ่งชม. พอถึงวันนัด ก็ไปพบพยาบาลที่หน่วยคัดกรอง ถึงจุดนี้จะต้องชั่งนน.และวัดความดัน ใช้เวลาไม่นานเลย หลังจากนี้ก็ไปนั่งรอตามคิว ซึ่งก็ได้พบแพทย์ตามเวลา(อาจจะก่อนด้วย) การรักษาก็ซักถามละเอียด มีการตรวจอย่างละเอียด ที่สำคัญคุณหมอได้อธิบายทุกอย่างที่คนไข้ถาม ไม่ได้รีบๆตรวจรีบๆทำให้เสร็จ คุณหมอให้อุลตร้าซาวด์ภายใน ให้ตรวจมะเร็งปากมดลูก ขณะที่อ่านผลอุลตร้าซาวด์คุณหมอก็ซักถามประวัติเราไปเรื่อยๆ ผลออกมาก็คือเจอเนื้องอกที่รังไข่ คุณหมอแนะนำให้ผ่า ขั้นตอนหลังจากนี้คือจะต้องส่งเรื่องไปยังคณะกรรมการเพื่อให้คุณหมอหลายๆท่านร่วมกันพิจารณา ว่าเคสของเราสมควรต้องผ่าตัดหรือไม่ ก็จะมีคุณหมอในคณะกรรมการเรียกให้ไปอุลตร้าซาวด์ซ้ำอีกรอบ เนื่องจากการผ่าเอารังไข่ออกจะทำให้ไม่มีฮอร์โมนเพศอีก คุณหมอเลยอยากจะแน่ใจว่าการตัดสินใจจะผ่าตัดเป็นวิธีที่ดีที่สุดสำหรับคนไข้ และพอทุกอย่างเรียบร้อย ก็จะต้องไปตรวจเลือดเช็คสภาพความพร้อมของร่างกายก่อนผ่าตัด ทั้งนี้เพื่อความปลอดภัยที่สุดของคนไข้ การจองห้องก็ไม่ยุ่งยาก พยาบาลจะนัดคิวที่คุณหมอว่างที่จะทำการผ่าตัด แล้วคนไข้ก็สามารถไปจองห้องพิเศษ ซึ่งระบุราคาห้อง ขนาด และแบบของห้องไว้ชัดเจน รวมถึงราคาอาหารด้วย แล้วพยาบาลก็จะแจ้งวิธีเตรัยมตัวก่อนวันมาผ่าตัด การรับประทานอาหารก่อนผ่าตัด โดยรวมๆแล้วการบริการที่ศิริราช ดีน่าประทับใจมากที่สุด พยาบาลก็พูดจาไพเราะ การคำนึงถึงความปลอดภัยก็ดีเยี่ยม ขั้นตอนการบริการก็รวดเร็ว ค่ารักษาก็ไม่แพงเลยเมื่อเทียบกับโรงพยาบาลเอกชน สรุปคือประทับใจที่ศิริราชที่สุดค่ะ,5,"This time went to the doctor with abnormal menstruation symptoms. Before going to talk to someone close to where to see a doctor Someone told me to go to Siriraj At first glance, I didn't want to go. The state hospital will wait for days for sure. Parking is not convenient. Patient cards have not been made yet. But it appears that it is not what he expected We can go to apply for a patient card. By registering through the hospital's website When I received the HN number, we called to arrange an appointment to see the doctor. Friends advised to go to the clinic part time. The cost of treatment is a little more expensive but I called to see the doctor soon. Here, the system will be very good. When calling to the nurse, will make an appointment and inform the queue and inform us before half an hour. On the day of the appointment, they went to see the nurses at the screening unit. At this point, the weight must be weighed and measured. It doesn't take long After this I went to wait in queue Which was able to see a doctor on time (maybe before), the treatment was questioned in detail With a thorough examination Importantly, the doctor explained everything that the patient asked. Didn't hurry, check, hurry and finish The doctor provided the internal ultrasound. To check for cervical cancer While reading the ultrasound results, the doctor questioned our history. The result was a tumor in the ovary. The doctor advised to dissect The next step is to submit the matter to the committee for many doctors to consider. Whether our case deserves surgery or not There will be a doctor on board called to go to the ultrasound again. Because the ovaries are removed, there will be no more sex hormones The doctor wanted to make sure that the decision to undergo surgery is the best way for the patient. And when everything is done Must have a blood test, check the condition of the body before surgery This is for the patient's safety. Reservation of the room is not complicated. The nurse will arrange an appointment for the doctor to do the surgery. And patients can go to reserve a special room Which specify the price, room, size and type of room clearly Including food prices And the nurse will inform you of the procedures before the surgery Eating before surgery Overall, the service at Siriraj Well, the most impressive The nurse spoke eloquently. Security considerations are excellent. The service process is quick. The cost of treatment is not expensive compared to private hospitals. In summary, the most impressive is Siriraj."
ตอนปลายปี คุณแฟนไปคลอดลูกที่โรงพยาบาลศิริราช ซึ่งเด็กแรกเกิดจะค่อนข้างงอแงและตื่นบ่อย แต่ก็สามารถให้พยาบาลเอาไปอย่ในห้องเนอสเซอรี่ได้ตลอดเวลา ไม่มีอิดออด รวมถึงการดูแลต่างๆ ก็ดีทีเดียว,5,"At the end of the year, Khun Fan went to give birth to a baby at Siriraj Hospital. The newborn baby is quite fussy and wakes often. But can give the nurse to take to go to the nursery room at all times without reluctant including various care is quite good"
คนเยอะ รอนาน ไม่มีที่จอดรถ พยาบาลไม่สนใจผู้ป่วย ส่วนใหญ่หมออายุยังน้อย ไม่มีประสบการณ์เพียงพอ ต้องมีอาจารย์แพทย์คอยแนะนำ,4,There are a lot of people waiting. There is no parking. Nurses do not care about patients. Most of the doctors were young. Not enough experience Must have a medical instructor to advise
มารับการรักษาตรวจโรคข้ออักเสบรูมาตอยส์ เรียกเข้ามารอพบหน้าห้องแพทย์ให้รอเป็นชั่วโมง (จริงๆ ก็รอได้นะ) แต่ว่าน่าจะมีเก้าอี้ให้คนไข้นั่งรอ เพราะคนไข้ที่เป็นโรคนี้แต่ละคนจะมีอาการปวดข้อกันตลอด ให้มายืนรอนานๆ อย่างนี้ คนไข้กลับบ้านต้องมีอาการกำเริบกันอีกแน่ (เราเป็นต้น),3,"Come to receive treatment for rheumatoid arthritis Calling in to see in front of the doctor's room, waiting for hours (actually can wait) but there should be a chair for patients to sit and wait Because each patient with this disease will have joint pain throughout. To stand and wait for a long time like this, patients must go home again and again (for example)."
หมอและพยาบาลห้องคลอดดูแลเอาใจใส่ดีมากค่ะ,5,The doctors and nurses in the delivery room are very attentive.
หาหมอคลีนิคนอกเวลา   ไปตามนัดหมาย วัดความดัน ได้บัตรคิว ไปนั่งรอหน้าห้องหมอ  แต่สิ่งที่บกพร่องคือ  ไม่รู้ว่าถึงคิวไหน  เรียกแต่ชื่อ ไม่เรียกเลขหมาย และแจ้งว่า ไม่ได้เรียงตามเลข แล้วจะให้บัตรคิวมาเพื่อ?!!,4,"Looking for a doctor, part-time clinic, go by appointment, measure pressure, get a queue card to sit in front of the doctor's room But the shortcoming is Don't know which queue is called but the name does not call the number and says that it is not sorted by number And will give the queue card for? !!"
คุณหมอและพยาบาลเก่งและมีประสบการณ์มากให้ความรู้ตอบคำถามได้ดี ใจเย็น พูดจาเพราะถึงจะมีคนไข้เยอะก็ตาม,5,"The doctors and nurses are skilled and experienced, providing knowledge, answering questions well, and calmly speaking because even though there are many patients."
เราพาคุณป้าที่ป่วยด้วยโรคงูสวัดไปหาคุณหมอด้านภูมิแพ้ที่รักษากันอยู่แล้วแต่ด้วยคิววันนั้นเต็มเราก็ไปตามคำแนะนำของเจ้าหน้าที่เป็นคลีนิคนอกเวลาคิดว่าต้องรอจนคนไข้นัดตรวจเสร็จก่อนถึงจะได้ตรวจแต่กลับเป็นว่าเรายื่นบัตรแล้วบอกอาการนั่งร สัก20นาทีก็ได้ตรวจไม่เสียเวลารอคิวนานบางแผนกต้องรอจนคนไข้นัดตรวจเสร็จแต่เราก็เข้าใจ,5,"We took her aunt who was suffering from shingles to see an allergy doctor who was already treating but with the queue that day was full. Inspected but instead turned out that we handed the card and told the symptoms For 20 minutes, the examination does not take a long time to wait. Some departments have to wait until the patient finishes the examination but we understand."
เป็นระเบียบและไม่ค่อยวุ่นวายเท่าไรถึงคนจะเยอะก็เป็นระเรียบและสะอาดค่ะ,5,"Organized and not very busy, even though there are a lot of people, it is smooth and clean."
มีการเปลี่ยนแปลงเรื่องบริการที่ดีขึ้นในบ้างส่วนทำให้ได้รับบริการที่เร็วขึ้นกว่าเดิมแต่ก็มีในส่วนจองการชำระเงินและการจ่ายยายังคงใช่เวลาในการรอนานเหมือนเดิม ส่วนแพทย์ที่รักษาประจำจะให้ข้อมูลและตอบข้อสงสัยที่ดีมาก,4,"There have been some improvements in the service, resulting in a faster service, but there are still reservations, payments, and dispenses - still waiting for a long time. The physicians who are on a regular basis will provide very good information and answers."
คนมาใช้บริการ รพ.เยอะมาก การให้บริการยังดีเหมือนเดิม,5,Many people use the hospital. The service is still good as before.
ส่วนที่ไปทำการรักษาคือแผนกจิตเวช โดยรวมแล้วระบบของที่นี่ก่อนหน้านี้ค่อนข้างน่าสับสน แต่ระยะหลังศิริราชปรับให้เป็นระเบียบและเข้าใจง่ายขึ้นมาก การนำเทคโนโลยีเข้ามาปรับปรุงเพื่อแก้ไขปัญหาคนแน่นอย่างบันไดเลื่อนและแบ่งพาร์ตโรงพยาบาลให้มีส่วนที่ให้บริการคล้ายเอกชน ทำให้ประทับใจเรื่องของตัวเลือกในการเข้าถึง(ถึงแม้ส่วนนี้จะดูเป็นการให้บริการแบบต่างมาตรฐาน แต่พอทำความเข้าใจได้เมื่อพิจารณาค่าครองชีพและคุณภาพชีวิตอื่นๆของคนไทย) หน่วยจิตเวชมีการให้บริการดีและเจ้าหน้าที่ทั้งแพทย์และพยาบาลเป็นมิตร การใช้ท่าทาง ภาษากาย และสีหน้าที่ไม่ทำให้ผู้รับบริการรู้สึกอึดอัด ในส่วนของการรับยา เกิดปัญหาขึ้นค่อนข้างบ่อย การส่งใบยาไปไม่ถึง ลืมส่งใบยา การให้บริการของเจ้าหน้าที่ที่บางครั้งมีการเสียมารยาท (โดยรวมไม่ต้องการให้คะแนนน้อย เมื่อปัญหาใหญ่คือทางเลือกด้านสาธารณสุขในประเทศไม่ได้มีมากพอ ฉันจึงมองว่า ปัญหาการจัดการของรัฐต่างหากที่ทำให้โรงพยาบาลรัฐที่มีคุณภาพอย่างศิริราชต้องมาแบกรับมากกว่าโรงพยาบาลอื่นๆ),4,"The treatment department is the psychiatric department. Overall, the system here was previously quite confusing. But later Siriraj adjusted to be organized and easier to understand. Bringing technology to improve the problem of crowded people such as escalators and dividing the hospital part to provide services similar to private Impressed with accessibility options (although this looks like a standard service But can understand when considering the cost of living and other quality of life of Thai people) The psychiatric unit has good services and staff, both physicians and nurses are friendly, using gestures, body language and facial features do not make customers feel uncomfortable. In terms of receiving the drug Problems occur quite often. Not sending the medicine leaflet, forgetting to send the medicine leaflet, the service of staff that sometimes has bad manners. (Overall do not want to give a low rating When the big problem is that there are not enough health options in the country, I think that the management problems of the government cause the quality of public hospitals like Siriraj to bear more than other hospitals.)"
การบริการถือว่าดีปานกลาง แต่ก็ขึ้นกับแต่ละแผนก แต่การรักษาค่อนข้างมั่นใจว่าดี เนื่องด้วยส่วนใหญ่แพทย์จะมากด้วยประสบการณ์ ที่ไปหาจะเป็นคลีนิคนอกเวลา ซึ่งราคาเมื่อเทียบกับเอกชนแล้วถือว่าโอเคเลยคับ โดยรวมโอเคคับ,3,"Service is average. But depends on each department But the treatment is quite confident that it is good. Because most doctors are very experienced Who went to find it to be a part-time clinic Which the price compared to private, is considered ok Overall ok"
ตึกสมเด็จพระศรี10/1บริการดีมากคะถึงจะเป็นห้องสามัญหมอมา7โมงเช้า2เวลาเลยคะหากเคสไหนมีปัญหาเกี่ยวกับโรคแทรกซ้อนในการตั้งครรภ์จะมีหมอเฉพาะทางโรคนั้นๆมาติดตามอาการร่วมวางแผนประชุมอีกที  ยอดเยี่ยมมากคะ,5,"Somdet Phra Sri Building 10/1, very good service. Even though it is a common room, the doctor comes at 7 o'clock in the morning 2 times. If any cases have problems with complications in pregnancy, there will be a specialist doctor to monitor the symptoms together. Plan the meeting again Very good"
แพทย์เชี่ยวชาญเฉพาะด้าน พยายาบาลให้การช่วยเหลืออย่างดี,5,Medical specialist Phayaban is very helpful.
พยาบาลเอาใจใส่ดี  พูดจาสุภาพ  คุณหมอก็แนะนำการดูแลตัวเองอย่างละเอียด,5,"The nurses were very attentive, polite, and the doctor advised them to take good care of themselves."
เมื่อวานได้ไปตรวจสุขภาพที่โรงพยบาลศิริราชมาค่ะ อย่างแรกที่ประทับใจมากก็คือ หมอพูดจาแนะนำดีมากค่ะ รวมทั้งพยบาลที่อยู่ในนั้นเวลาถามถึง ห้องน้ำอยู่ใหนค่ะ? หรือ ถามเรื่องอื่นๆ ก็จะตอบมาดีค่ะ บริการดีมากค่ะ,4,Yesterday I went to have a health check at Siriraj Hospital. The first thing that was very impressive was The doctor spoke very well. Including the nurse in there when asked about Where is the bathroom? Or ask other matters Will respond well Very good service
ตอนแรกที่ชั้นแรกจะวุ่นวายมากเพราะทุกคนต้องผ่านการคัดกรองที่นี่ แต่พอแยกชั้นไปก็จะเร็วขึ้น ตอนนี้มีบันไดเลื่อนช่วยให้ขึ้นลงสะดวก,4,"At first the first floor was very chaotic because everyone had to go through the screening here. But once separated, it will speed up There is now an escalator helping to go up and down conveniently."
ทางรพศิริราชเขาวิเคราะห์สาเหตุของโรค2-3คนเผื่อความแน่ใจดีจร้าถ้าไม่ชัวร์เขาก็ให้ส่องกล้องเผื่อหาสาเหตุที่แน่ชัดมากขึ้น,5,"Siriraj Hospital, he analyzed the cause of the disease 2-3 people for sure. If not sure, then he would look in the camera to find the exact cause."
ความประทับใจคือการรักษาที่มีเครื่องที่ทันสมัยช่วยรักษาให้เราหายจากการเจ็บป่วย,4,The impression is that treatment with modern appliances helps heal us from illness.
การให้บริการมีความรวดเร็ว แต่ขั้นตอนการให้บริการยังไม่ค่อยชัดเจนเท่าไหร่,4,The service is fast. But the service process is still not very clear
มีระบบการบริหารจัดการดี แพทย์ชำนาญการระดับอาจารย์หมอเยอะ ผู้ป่วยมาก,4,"Have a good management system The doctors are experts at the level of a professor, many doctors, and many patients."
1. แพทย์บางท่านถามมากไม่ได้คำตอบที่ได้บางครั้งบอกว่าผมไม่ได้ดูโรคนั้นโรคนี้คืดรักษามานานเป็น 10-20 ปีแล้วถามแค่นี้ก็ไม่ได้ 2.ใบนัคตรวจครั้งต่อไปไม่ค่อยชัดเป็นใบบาง ๆ น่าจะทำให้ดีกว่านี้ 3.ระบบรอใบนัด ระบบซื้อยา และชำระเงินบางครั้งช้ามาก น่าจะเป็นไปจ่ายเงินตรงไหนของโรงพยาบาลน่าจะดีกว่า,3,"1. Some doctors ask very much, do not get the answer, sometimes say that I do not look at the disease, this disease has been treated for 10-20 years and then can not just ask. 2.Nak leaves, next inspection is not clear, thin leaves should be better. 3. The system waiting for the appointment card, the system to buy medicines and payment, sometimes very slow Should be to pay where the hospital would be better."
คนไข้จำนวนมาก อาจต้องรอนานหน่อย แต่การรักษาเป็นมาตรฐาน,4,Many patients May have to wait a little longer But treatment is standard
ไว้ใจ วางใจ เชื่อใจ,4,Trust trust
ไปรักษามาก็หลายที่แต่รู้สึกดีกับที่ศิริราชถึงแม้จะรอนานแต่ก็โอเคสำหรับการซักถามและรักษา ยาที่ให้ก็ดูจะใส่ใจว่าควรกินแบบไหน ไม่ใช่มีอะไรก็ให้มา ถึงแม้จะเป็นโรงพยาบาลรัฐที่มีคนมาใช้บริการเยอะแต่บุคลลากรก็มีมากพอที่จะให้บริการ,5,"I went to get treatment in many places but felt good with Siriraj. Even though I waited for a long time, it was OK for the inquiry and treatment. The medication you give will pay attention to what kind you should take. Nothing is provided Even though it is a public hospital that has a lot of people, there are enough people to provide the service."
ดิฉันพาลูกไปหาหมอที่ร.พศิริราชมาค่ะไปทุกเดือนเรยเพราะต้องพาน้องไปฉีดวัคซีนค่ะพอดีดิฉันเข้าโครงการแม่วัยรุ่นค่ะโครงการนี้ดีมากเรยค่ะมีค่าเดินทางให้วัคซีนก้อฉีดฟรีพยาบาลประจำโครงการก้อบริการดีพูดจาไพเราะนักศึกษาพยาบาลก่อเฟรนลี่กะเด็กดีค่ะดิฉันคลอดลูกที่นี่ค่ะแล้วก้อมีพี่คนนึงมาชวนเข้าโครงการนี้ค่ะการบริการโดยรวมคือดีมากๆโดยเฉพาะโครงการของ ร.พ ค่ะ,4,"I take my children to the doctor at Siriraj Hospital every month because I have to take my children to get vaccinated. I fit into the teen mom project. This project is very good. Good service project, beautiful words, nursing student, friendly friend and good child. I gave birth to a child here and one elder person invited me to join this project. The overall service is very good, especially the project. Of the hospital"
มีโอกาสเป็นคนไข้ของโรงพยาบาลศิริราชซึ่งเราก็ทราบกันดีว่าเป็นโรงพยาบาลรัฐบาลที่ต้องรองรับคนไข้จำนวนมาก แต่พอได้เข้าเป็นคนไข้กรณีกระทันหัน ทำให้ได้ทราบว่าคุณหมอและพยาบาลทุกท่านของโรงพยาบาลรัฐนั้นทำงานหนักมากและไม่มีเวลาส่วนตัวจริง ๆ อีกทั้งอาคารและอุปกรณ์ทางการแพทย์ยังมีจำนวนไม่เพียงพอต่อการรักษาคนไข้ที่มีฐานะไม่ดี จึงได้แค่เพียงร่วมบริจาคเงินสมทบมูลนิธิตามกำลังที่จะพอจะช่วยได้ และขอขอบพระคุณคุณหมอและพยาบาล รวมทั้งเจ้าหน้าที่ทุกท่านของโรงพยาบาลที่คอยดูแลในช่วงที่พักรักษาอาการป่วยที่โรงพยาบาลมา ณ ที่นี้ด้วยค่ะ,5,"Have the opportunity to be patients at Siriraj Hospital, which we know is a government hospital that has to support a large number of patients But when he suddenly became a patient It made him aware that all the doctors and nurses at the public hospital worked very hard and did not have any personal time. In addition, the buildings and medical equipment were insufficient to treat poor patients. Therefore can only donate to the Foundation as sufficient to help And thank the doctors and nurses Including all the staff of the hospital that takes care during the accommodation to treat the illness at the hospital as well."
มีแพทย์ผู้เชี่ยวชาญมากมาย ไว้ใจได้ รักษาดี,5,There are many doctors who can trust and treat well.
พาคุณยายไปผ่าเข่าค่ะ ทั้งคุณหมอและคุณพยาบาล น่ารักมาก เข้าใจคนแก่ ดูแล และเป็นกันเองมากค่ะ คุณหมอและพยาบาลประจำตึกสลากกินแบ่ง ชั้น5 ประทับสุดๆ,4,"Take Grandma to the knee. Both the doctor and the nurse are very cute, understand the old people, take care and are very friendly. The doctors and nurses at the lottery building, floor 5, are extremely impressed."
แพทย์กับพยาบาลที่นี่ทำงานดีมากค่ะ ดิฉันไปตรวจตาตั้งแต่เกิดจนตอนนี้อายุ 20 ก็ยังไปอยู่คนไข้ คนป่วยที่รอคิวตรวจเยอะมาก แพทย์คนนึงรับคนไข้ เกือบ 100 คน แต่แพทย์และพยาบาลที่นี่ก็ยังยิ้มแย้มแจ่มใส ตอนรับคนไข้ ให้คำอธิบาย ชี้แจ้งเรื่องต่างๆให้คนป่วยฟัง ถึงแม้บางคร้งดิฉันก็รู้สึกได้ว่าบุคคลเหล่านี้ทำหน้าที่กันเหนื่อยมาก แต่ก็ทำหน้าที่ได้ดี,5,"Doctors and nurses work very well. I went to check my eyes from birth until now, still 20 years old. Patients are waiting a lot for the examination. One doctor accepted nearly 100 patients, but the doctors and nurses were still smiling while accepting the patients, giving explanations and informing the patients. Although some times I could feel that these people acted very tired. But does a good job"
หมอทุกคนตั้งใจทำหน้าที่ตัวเองเพื่อคนไข้ ในแต่ละวันหมอที่ รพนี้ตรวจคนไข้เยอะมากตั้งแต่เช้า หมอเก่งและวินิฉัยโรคได้เม้นยำ ไม่เลี้ยงไข้,5,"Every doctor is determined to do his duty for the patient. Each day, the doctor This hospital has examined a lot of patients since the morning. The doctor is good and diagnoses. The disease is not controlled by fever."
มีคนเยอะมาก หมอทำงานหนักแทบไม่ได้พัก แต่ใช้เวลาตรวจแค่3-5นาทีต่อคน,3,"There are a lot of people, doctors work hard, almost never rest. But it only takes 3-5 minutes per examination"
รักษาดีค่ะ ดูแลเอาใจใส่ ไปแผนกฉุกเฉิน ทุกอย่างดี ยกเว้นพื้นที่ในการรักษา พื้นที่น้อย คนเยอะ,5,"Good care, all care goes to the emergency department. Everything is good except for the treatment area."
คุณหมอดีมาก แต่หมอห้องแพทย์เวรไม่ค่อยจะโอเคเท่าไร,5,"The doctor is very good, but the carpool doctor's room is not very OK."
ทีอายุแล้วมีอาการเป็นประจำเดือน20วัน ก็มาหาหมอคือพยาบาลทางตึกนารีเวชก็ให้เข้าไปนั่งรอตรวจ คือเป็นอะไรสมัยโรงบาลรัฐดูแลคนไข้ดีมากขึ้น  แต่ก็ยังนั่งรอนานเหมือนกันแต่ก็เข้าใจค่ะ เพราะวันๆมีแต่คนไข้มากหน้าหลายตา มากคนหลายจังหวัด แต่ก็ขอบคุณคุณหมอกับนางพยาบาลดูแลดีมาก หนี้ค่ะประสบการของเรา,5,"Aged 20 months with menstruation Then came to see the doctor, which was a nurse at the medical clinic, to sit and wait for the examination What was the matter, when government hospitals improved patient care? But still sit and wait a long time, but understand Because every day there are only a lot of patients. Many people in many provinces But thanked the doctor and nurse for taking good care of Debt. Our experience"
การบริการทั่วไปดีตามควร. แพทย์ที่รักษาดูแลเอาใจใส่ดีมาก เพียงแค่คนใช้บริการค่อนข้างมากทำให้ช้าไปบ้าง. ทั่วๆไปโดยรวมดี,4,Good general service as it should be. The doctors who look after are very attentive. Just a lot of people using the service makes it a bit slow. Generally good overall
ได้รับการตรวจและรักษาการติดเชื้อ HVP ที่ปากมดลูก โดยหมอสุธี ท่านได้ทำการรักษา 3 ครั้ง โดยครั้งแรกหลังจากตรวจ Pap Smear จากสูตินารีพบว่าที่ปากมดลูกมีเชื้อผิดปกติ ได้เข้าพบหมอและตรวจอย่างละเอียดพบว่าอยู่ในระยะเป็นรอยโรคก่อนเป็นมะเร็ง cin ซึ่งคุณหมอนัดตรวจทุกเดือนอีกครั้งว่าอยู่ในระดับใด พอนัดตรวจอีกครั้งพบว่าเชื้อลุกลาม หมอนัดส่องกล้องที่ปากมดลูกและตัดชิ้นเนื้อไปตรวจ รอฟังผลประมาณ 2 อาทิตย์ ผลที่ออกมาพบว่าเป็นรอยโรคก่อนเป็นมะเร็ง มีความผิดปกติที่ระดับ cin3 รู้สึกตกใจและกลัวแต่ด้วยความที่เราหาข้อมูลเตรียมมาก่อนและเข้าใจสิ่งที่เป็นเลยลดความกลัวลงได้มาก อีกอย่างคุณหมอสุธีเป็นหมอที่เก่ง เลยไม่กลัว หลังจากที่ทราบผลคุณหมอนัดทำการรักษาโดยใช้วิธีตัดปากมดลูกเป็นรูปกรวย เรียกว่า leep หลัวการรักษาจะมีเลือดออกหลังการผ่าตัดประมาณ 1 สัปดาห์ ภายหลังได้รับการรักษาหมอได้นัดตรวจดูผล พบว่าเป็นปกติดี ตอนนี้มีลูก 3 คนแล้วค่ะ,5,"Has been examined and treated for HVP infection in the cervix by Doctor Suthee, who has performed 3 treatments, the first time after Pap Smear from the obstetrician found that the cervix is abnormal. Went to see a doctor and have a thorough examination, found that the disease is in the stage before the cancer cin, which the doctor makes an appointment every month to check again at what level Once the appointment was examined again, the infection was spread. The doctor made an appointment to look at the cervix and cut the biopsy for examination. Wait to listen for about 2 weeks. The results showed that the lesions were pre-cancerous. There is an abnormality at cin3 level. I feel frightened and scared, but as we have researched and understood what it is, we can reduce our fear a lot. In addition, Dr. Suthee is a good doctor and is not afraid after knowing the result. The doctor made an appointment to treat by using the cervical cutting in a cone called leep Luo. The treatment will bleed after surgery about a week after receiving the treatment. The doctor has arranged an appointment to check the results. Found that it is normal now that there are 3 children"
ใช้บริการคลินิกนอกเวลา ค่ะ  จนท.ดูแลดีค่ะ  ถึงผู้ใช้บริการเยอะแต่ไม่มีหงุดหงิดค่ะ โดยเฉพาะพยาบาลและแพทย์ค่ะ,4,Use the clinic part-time. The staff take good care of it. To many users but there is no frustration. Especially nurses and doctors
หมอใส่ใจ ตรวจละเอียด เมื่อพบข้อสงสัยก็ส่งไปเฉพาะทาง,5,"The doctor paid attention to the examination and when found any doubts, it was sent in a special way."
เข้ารับการรักษาโดยไม่ได้มีใบนัด พยาบาลยิ้มแย้มต้อนรับอย่างดี ชั่งน้ำหนัก วัดความดันเสร็จก็แจ้งว่าต้องทำอย่างไร ระหว่างรอคิวก็เข้ามาแจ้งเป็นระยะ หลังรับการรักษาอธิบายขั้นตอนการดูแลตัวเองอย่างดี คุณหมอแนะนำและเปิดโอกาสให้ซักถามได้อย่างชัดเจน,5,"Admitted without a appointment The nurse smiled well, welcomed the weight, and measured the pressure. He was told what to do. While waiting for the queue to come to notify periodically After the treatment, explain the steps to take good care of yourself. The doctor recommended and gave the opportunity to ask clearly."
ดิฉันชื่อ ศตพร ละเต็บซัน ดิฉันโชคร้ายเป็นโรครูมะตอย สามปีกว่าจะรู้ตัวว่าเป็น ไปรักษาตามโรงพยาบาลต่างๆก็รักษาไม่หาย ไปหาซื้อยากินเองตามยถากรรม จนได้ย้ายมาทำงานแถวบางบอนเลยได้ประกันสังคมที่โรงพยาบาลบางประกอก8 จึงได้มารักษาตัวที่นี้ แต่เนื่องจากช่วงก่อนหน้านี้ได้ซื้อยามากินเอง ซึ่งมีส่วนผสมของสเตรอยทำให้ตัวดิฉันบวมน้ำหนักจาก 52 จนถึงตอนนี้ 93.3แล้ว ดิฉันเครียดมากไม่รู้จะทำยังไง รักษาที่โรงพยาบาลนี้ก็ไม่หาย ตัวก็บวม หมอก็บอกแค่ว่าให้เลือกเอาจะเจ็บ หรือ จะสวย มีแค่นี้ทางเลือกสำหรับดิฉันจนสุดท้ายบางปะกอก8ทำเรื่องส่งตัวดิฉันไปรักษาที่บางปะกอก 9บอกแค่ว่าเขาชำนาญเรื่องโรคนี้กว่า แต่ดิฉันไปรักษาซักระยะก็ไม่มีอะไรดีขึ้น หลายคนแนะนำให้ไปที่ศิริราช สุดท้ายดิฉันได้พบหมอเฉพาะทาง กว่าจะได้พบต้องทำใบจองหนึ่งเดือนเต็มๆ พอได้พบหมอ หมอมองหน้าดิฉัน บอกว่าดิฉันปล่อยตัวเองจะต้องเข้าครอสลดน้ำหนักด่วน ส่วนโรคที่เป็นยาที่รักษาหมอบอกเลยว่าแพงมาก ยาตกเม็ดละ 100บาทวันหนึ่งคุณต้องกินหลายเม็ด คุณไหวเหรอ? คุณกลับไปรักษาที่เดิมดีกว่าแต่ถ้าเขารักษาไม่ได้คุณให้เขาส่งเรื่องมาที่นี้ มาหาหมอหมอจะรักษาคุณเอง นี้คือสิ่งที่ดิฉันประทับใจแนะนำตรงๆ เพื่อให้คนไข้มีทางเลือกค่ะ,3,"My name is Sataporn Lathepsan. I'm unlucky with rheumatism. Three years before realizing it was Went to receive treatment at various hospitals, it was incurable Go and buy some medicine by yourself Until moving to Bang Bon area, getting social security at Bang Pakok Hospital 8 Therefore came to heal here But since the previous period had bought drugs to eat by yourself Which contains steroids causing me to swell. Weight from 52 until now 93.3 and then I was very stressed. I didn't know what to do. The treatment at this hospital did not disappear. It was swollen. The doctor said only to choose whether to hurt or to be beautiful. This was the only option for me until the end. Bangpakok 8 did something about sending me to Bangpakok for treatment. 9 Just say that he is more adept at this disease. But I went to treat for a while, nothing improved Many people recommend going to Siriraj Finally, I met a specialist doctor. Before meeting, I had to make a reservation for one full month. When I saw a doctor, the doctor looked at me. Said that I released myself, would have to cross the weight loss now As for the disease that is treated, the doctor says that it is very expensive. The drug falls 100 baht per tablet. One day you have to take many pills. Are you ok? You go back to the same place, but if he can't heal you, have him send the matter here. Come to the doctor, the doctor will treat you by yourself This is what I was impressed to recommend directly. To allow patients to have a choice"
แพทย์ให้การรักษาดี พูดจาดี ถึงจะรอคิวนานแต่ก็ให้บริการดี ประทับใจหมอเก่ง,5,"The doctor gave good treatment, spoke well, although waiting in line for a long time, but the service was good. Impressed by the talented doctor."
ไปแล้วประทับใจกับการต้อนรับและให้คำแนะนำดีค่ะ(คุณหมอก็ใจดี),5,Already impressed with the hospitality and good advice (the doctor is kind)
พาคนที่รักมารักษาเบาหวาน เส้นเลือดสมองตีบ ที่โรงพยาบาลศิริราช อยู่ตึก 72 ปี หมอพยาบาลน่ารักทุกคนเลย ขอขอบคุณทุกคนที่ช่วยดูแลยามที่เราป่วย ช่วยกันค้นหาสาเหตุ วันนี้เราจะได้พาคนที่เรารักกลับบ้านพร้อมกับสุขภาพที่ดีเกือบร้อยเปอร์เซนต์ เค้าสัญญาว่าจะดูแลสุขภาพ เพราะชีวิตเค้าต้องทำงานเพื่อแผ่นดิน และดูแลลูก ๆ ขอบคุณโรงพยาบาลศิริราช หมอ และพยาบาลทุกคน ตลอดจนเจ้าหน้าที่ที่ช่วยดูแลมา 5 วัน,5,"Bring loved ones to cure diabetes. Ischemic stroke At Siriraj Hospital, in the 72-year-old building, the doctors and nurses are all lovely. Thanks to everyone who helped take care when we were sick. Help find the cause Today we will take our loved ones home with almost a hundred percent good health. He promised to take care of health. Because his life has to work for the land and take care of the children. Thank you to Siriraj Hospital, all doctors and nurses. As well as the staff that took care for 5 days"
คุณหมอใจเย็นมากคะ. น้องพยาบาลก้อน่ารักดี,5,The doctor is very calm. The nurse is cute.
ลูกชายรักษาภูมิแพ้ที่นี่ทุกครั้งคุณหมอทุกท่านจะดูประวัติน้องตั้งแต่เกิดจนถึงล่าสุดทุกคนดูการรักษาของทุกแผนกที่น้องไปให้คำแนะนำให้กำลังใจและดูกำลังทรัพย์ด้วย แต่ ร.พ.ตามสิทธิแย่,5,"The son has allergy treatment here every time. Every doctor will look at the history of younger children from birth to the latest. Everyone looks at the treatment of all departments that you go to give advice, encouragement and also look for resources as well."
คนไข้มากๆ แต่พยาบาลและบุคลากรทุกคนทำงวนหนักแต่ก็มีน้ำใจงามทุกคน. ให้ความกระจ่างและช่วยเหลือทุกด้าน คุณหมอตรวจละเอียดมากแม้จะมีคนไข้มาก,5,"A lot of patients, but all nurses and staff work hard, but they are all considerate. Providing clarity and assistance in all aspects The doctor examined it very well, even though there were many patients."
แพทย์มีความน่าเชื่อถือ,4,The doctors are reliable.
บริการได้เยี่ยม ผมคนบ้านนอกติดต่อพนักงานมีความเอื้อเฟื่อนดีพูดจาดี,5,"Great service I, a bumpy man, contacted the staff, were courteous, spoke well."
หมอ พยาบาลน่ารักมาก ดูแล เอาใจใส่ พยายามหาสาเหตุจนพบ มีคุณธรรมในการดูแลผู้ป่วย,5,"The doctors and nurses are very cute, caring, and trying to find the cause until found. Have morality in caring for patients"
เริ่มแรกเข้า ER เนื่องจากคุณแม่ล้ม และไข้ขึ้นสูง ได้พักเตียงที่อาคารเฉลิมพระเกียรติ ชั้น 4 ซึ่งเป็นเตียงสามัญ ไม่ได้ให้ญาติเฝ้า น้องๆๆพยาบาลและน้องๆๆ ผช พยาบาลดูแลดีมากค่ะ เป็นการประทับใจในการให้บริการ,5,Initially entered into ER because the mother fell. And high fever Rested in the 4th floor Chalermprakiet building which is an ordinary bed Didn't allow relatives to watch The nurses and the nurses are very caring. Was impressed with the service
ผมได้รับการรักษามะเร็งจนหายดีใช้ชีวิตเหมือนคนปกติครับคุณหมอเก่งจริงๆครับ,5,"I've been treated for cancer until I am healthy, living like a normal person. The doctor is really good."
เนื่องจากการรักษาต้องทำการผ่าตัด และฉันเลือกดมยาสลบ รู้สึกกังวลและกลัวมากโดยต้องเข้าพักที่โรงพยาบาลก่อน1วันก่อนหน้านั้นต้องเอ๊กซ์เรย์ปอดกับตรวจเลือดก่อน เข้าไปต้องไปทำขั้นตอนหลายเกินไปรู้สึกไม่ค่อยชอบในเมื่อเรานัดผ่าแล้วควรจะมีจุดรับเรื่องนี้โดยตรงไม่ต้องไปรวมกับคนที่มาตรวจปกติไปตั้งแต่เก้าโมงกว่าจะเสร็จขั้นตอนจนไปถึงห้องพักประมาณเที่ยงหลังจากนั้นก็มีหมอแพทย์หรืออะไรไม่ทราบมาซักถามคนละหนึ่งหรืงสองคำถามก็ไปทั้งวันช่วงบ่ายถึงค่ำ รุ่งขึ้นเป็นวันผ่าตัดให้ตื่นมาเข้าห้องน้ำอาบน้ำเตรียมตัวไปแปดโมงมารับไปห้องรอผ่า ไปถึงก็ซักถามว่ามาผ่าอะไรตรงไหนวัดความดันให้น้ำเกลือเกือบเก้าโมงเข้าห้องผ่าโดนใช้ผ้าล็อคตัวแขนใส่เครื่องวัดอะไรไม่รู้ใส่เครื่องให้ออกซิเจนและฉีดยาเข้าทางสายน้ำเกลือและบอกว่าจะซ่าๆหลังจากนั้นก็ไม่รู้สึกตัวตื่นมาอยู่ในห้องรอผ่าตารู้สึกหนักหรือเคืองพอจับดูมีขี้ผึ้งป้ายเกือบครึ่งชั่วโมงพากับห้องพักดูนาฬิกาบ่ายโมงครึ่ง รู้สึกคอแห้งมีเสมหะกลืนน้ำลายเจ็บมากเหมือนมีอะไรบาดคอวัดความดันตลอดชีพจรและวัดไข้สุดท้ายก็ผ่านมาได้ด้วย,3,"Because the treatment requires surgery And I choose anesthesia Feeling very anxious and scared by having to be admitted to the hospital 1 day before, then had to have a lung x-ray and a blood test first I have to go to do too many steps, I don't feel like when we have an appointment, then there should be a point to get this directly, don't have to join with the regular inspectors since nine o'clock before the process until the room is about After noon there was a doctor, doctor, or anything unknown. Ask one or two questions. Then went all day, afternoon to evening. The next day was the surgery day. Woke up, went to the bathroom, took a bath, prepared for eight o'clock to come to the waiting room. Arrived to ask where the dissect was taken, measure the pressure to give the salt water almost nine o'clock into the room, dissected by using the cloth to lock the arm to put on the meter, do not know, put the oxygen device and inject it through the saline line and said to be faint after That was unconscious, waking up in the room, waiting to open the eyes, feeling heavy or irritated. When I saw the wax, smeared for almost half an hour, taking with my room to see the clock at half past half. Feeling dry, having phlegm, swallowing saliva. Very sore, like something like a neck. Measuring blood pressure throughout the pulse and finally measuring fever."
บริการก็ใช้ได้,4,Service is ok
สถานที่คับแคบเมื่อเทียบกับจำนวนคนที่ใช้บริการ แต่บุคคลากรเต็มที่กับการบริการมาก ถึงแม้คนจะเยอะทุกวัน ทุกเวลา แต่คุณหมอ พยาบาล เจ้าหน้าที่ก็พูดจากับคนไข้ดีค่ะ ถึงแม้บางคนจะหงุดหงิดบ้างแต่โดยรวมแล้วน่ารักทุกคนค่ะ,4,"The place is cramped compared to the number of people using the service. But the personnel is full with the service Although many people every day, every time, but doctors, nurses, staff members speak good to patients. Although some people are annoyed, but overall, everyone is cute."
